Rank,Name,Symbol,Market Cap,Price,Circulating Supply,volume (24h),% 1h,% 24h,% 7d,
"('1', None)","('Bitcoin', 'https://coinmarketcap.com/currencies/bitcoin/')","('BTC', None)","('$507,090,156,466.71', None)","('$26,047.67', None)","('19,467,775 BTC', None)","('$12,406,045,117.51', 'https://coinmarketcap.com/currencies/bitcoin/#markets/')","('0.02%', None)","('-0.44%', None)","('-0.01%', None)","('', None)"
"('2', None)","('Ethereum', 'https://coinmarketcap.com/currencies/ethereum/')","('ETH', None)","('$198,709,982,386.16', None)","('$1,652.94', None)","('120,216,444 ETH *', None)","('$5,396,997,822.81', 'https://coinmarketcap.com/currencies/ethereum/#markets/')","('-0.03%', None)","('-0.42%', None)","('-0.48%', None)","('', None)"
"('3', None)","('Tether USDt', 'https://coinmarketcap.com/currencies/tether/')","('USDT', None)","('$82,807,252,662.66', None)","('$0.9995', None)","('82,849,133,566 USDT *', None)","('$19,999,153,581.65', 'https://coinmarketcap.com/currencies/tether/#markets/')","('-0.02%', None)","('<0.01%', None)","('-0.03%', None)","('', None)"
"('4', None)","('BNB', 'https://coinmarketcap.com/currencies/bnb/')","('BNB', None)","('$33,590,478,887.30', None)","('$218.33', None)","('153,851,122 BNB *', None)","('$423,891,091.63', 'https://coinmarketcap.com/currencies/bnb/#markets/')","('0.16%', None)","('-0.14%', None)","('1.03%', None)","('', None)"
"('5', None)","('XRP', 'https://coinmarketcap.com/currencies/xrp/')","('XRP', None)","('$27,845,876,512.16', None)","('$0.5262', None)","('52,914,193,551 XRP *', None)","('$1,067,427,241.27', 'https://coinmarketcap.com/currencies/xrp/#markets/')","('0.04%', None)","('1.51%', None)","('3.98%', None)","('', None)"
"('6', None)","('USD Coin', 'https://coinmarketcap.com/currencies/usd-coin/')","('USDC', None)","('$25,919,090,832.39', None)","('$1.0001', None)","('25,916,750,966 USDC *', None)","('$2,870,155,394.25', 'https://coinmarketcap.com/currencies/usd-coin/#markets/')","('-0.01%', None)","('0.02%', None)","('0.00%', None)","('', None)"
"('7', None)","('Cardano', 'https://coinmarketcap.com/currencies/cardano/')","('ADA', None)","('$9,152,956,074.04', None)","('$0.2611', None)","('35,058,106,675 ADA *', None)","('$226,745,371.90', 'https://coinmarketcap.com/currencies/cardano/#markets/')","('0.15%', None)","('-1.81%', None)","('-1.07%', None)","('', None)"
"('8', None)","('Dogecoin', 'https://coinmarketcap.com/currencies/dogecoin/')","('DOGE', None)","('$8,878,470,592.73', None)","('$0.06308', None)","('140,739,636,384 DOGE', None)","('$202,977,283.44', 'https://coinmarketcap.com/currencies/dogecoin/#markets/')","('0.12%', None)","('0.08%', None)","('-0.24%', None)","('', None)"
"('9', None)","('Solana', 'https://coinmarketcap.com/currencies/solana/')","('SOL', None)","('$8,318,053,764.65', None)","('$20.39', None)","('407,893,307 SOL *', None)","('$278,312,420.21', 'https://coinmarketcap.com/currencies/solana/#markets/')","('0.26%', None)","('-3.04%', None)","('-4.42%', None)","('', None)"
"('10', None)","('TRON', 'https://coinmarketcap.com/currencies/tron/')","('TRX', None)","('$6,900,049,920.05', None)","('$0.0772', None)","('89,376,407,310 TRX *', None)","('$174,447,305.16', 'https://coinmarketcap.com/currencies/tron/#markets/')","('0.12%', None)","('0.86%', None)","('5.76%', None)","('', None)"
"('11', None)","('Polkadot', 'https://coinmarketcap.com/currencies/polkadot-new/')","('DOT', None)","('$5,458,384,818.16', None)","('$4.4865', None)","('1,216,636,775 DOT *', None)","('$94,505,373.46', 'https://coinmarketcap.com/currencies/polkadot-new/#markets/')","('0.11%', None)","('1.47%', None)","('-0.56%', None)","('', None)"
"('12', None)","('Dai', 'https://coinmarketcap.com/currencies/multi-collateral-dai/')","('DAI', None)","('$5,347,822,079.04', None)","('$0.9999', None)","('5,347,888,596 DAI *', None)","('$75,095,538.95', 'https://coinmarketcap.com/currencies/multi-collateral-dai/#markets/')","('-0.03%', None)","('-0.02%', None)","('0.03%', None)","('', None)"
"('13', None)","('Polygon', 'https://coinmarketcap.com/currencies/polygon/')","('MATIC', None)","('$5,090,241,628.57', None)","('$0.5462', None)","('9,319,469,069 MATIC *', None)","('$274,560,763.21', 'https://coinmarketcap.com/currencies/polygon/#markets/')","('0.12%', None)","('-0.17%', None)","('-5.47%', None)","('', None)"
"('14', None)","('Toncoin', 'https://coinmarketcap.com/currencies/toncoin/')","('TON', None)","('$4,897,461,704.62', None)","('$1.4270', None)","('3,431,892,088 TON *', None)","('$29,643,403.69', 'https://coinmarketcap.com/currencies/toncoin/#markets/')","('0.02%', None)","('1.12%', None)","('11.85%', None)","('', None)"
"('15', None)","('Litecoin', 'https://coinmarketcap.com/currencies/litecoin/')","('LTC', None)","('$4,790,996,215.75', None)","('$65.11', None)","('73,580,945 LTC', None)","('$268,487,447.25', 'https://coinmarketcap.com/currencies/litecoin/#markets/')","('-0.08%', None)","('0.36%', None)","('1.61%', None)","('', None)"
"('16', None)","('Shiba Inu', 'https://coinmarketcap.com/currencies/shiba-inu/')","('SHIB', None)","('$4,796,905,977.53', None)","('$0.00000814', None)","('589,346,914,631,298 SHIB *', None)","('$139,371,203.42', 'https://coinmarketcap.com/currencies/shiba-inu/#markets/')","('0.21%', None)","('-0.70%', None)","('-5.17%', None)","('', None)"
"('17', None)","('Wrapped Bitcoin', 'https://coinmarketcap.com/currencies/wrapped-bitcoin/')","('WBTC', None)","('$4,243,855,522.84', None)","('$26,053.60', None)","('162,889 WBTC *', None)","('$76,364,182.11', 'https://coinmarketcap.com/currencies/wrapped-bitcoin/#markets/')","('<0.01%', None)","('-0.34%', None)","('-0.09%', None)","('', None)"
"('18', None)","('Bitcoin Cash', 'https://coinmarketcap.com/currencies/bitcoin-cash/')","('BCH', None)","('$3,742,379,987.32', None)","('$192.05', None)","('19,486,281 BCH', None)","('$139,896,933.21', 'https://coinmarketcap.com/currencies/bitcoin-cash/#markets/')","('-0.19%', None)","('-1.24%', None)","('2.55%', None)","('', None)"
"('19', None)","('UNUS SED LEO', 'https://coinmarketcap.com/currencies/unus-sed-leo/')","('LEO', None)","('$3,565,997,081.68', None)","('$3.8364', None)","('929,525,858 LEO *', None)","('$537,932.26', 'https://coinmarketcap.com/currencies/unus-sed-leo/#markets/')","('0.19%', None)","('0.24%', None)","('-2.50%', None)","('', None)"
"('20', None)","('Avalanche', 'https://coinmarketcap.com/currencies/avalanche/')","('AVAX', None)","('$3,459,082,269.77', None)","('$10.05', None)","('344,083,482 AVAX *', None)","('$120,285,068.43', 'https://coinmarketcap.com/currencies/avalanche/#markets/')","('-0.04%', None)","('-0.59%', None)","('-6.91%', None)","('', None)"
"('21', None)","('Stellar', 'https://coinmarketcap.com/currencies/stellar/')","('XLM', None)","('$3,395,969,321.15', None)","('$0.1239', None)","('27,417,916,736 XLM *', None)","('$89,277,309.03', 'https://coinmarketcap.com/currencies/stellar/#markets/')","('0.19%', None)","('0.08%', None)","('6.08%', None)","('', None)"
"('22', None)","('Chainlink', 'https://coinmarketcap.com/currencies/chainlink/')","('LINK', None)","('$3,232,593,123.90', None)","('$6.0074', None)","('538,099,970 LINK *', None)","('$161,052,214.60', 'https://coinmarketcap.com/currencies/chainlink/#markets/')","('0.30%', None)","('-1.16%', None)","('-2.65%', None)","('', None)"
"('23', None)","('Binance USD', 'https://coinmarketcap.com/currencies/binance-usd/')","('BUSD', None)","('$3,153,614,715.61', None)","('$1.0003', None)","('3,152,534,685 BUSD *', None)","('$1,079,878,217.44', 'https://coinmarketcap.com/currencies/binance-usd/#markets/')","('-0.02%', None)","('-0.03%', None)","('-0.02%', None)","('', None)"
"('24', None)","('TrueUSD', 'https://coinmarketcap.com/currencies/trueusd/')","('TUSD', None)","('$2,906,332,785.19', None)","('$0.9996', None)","('2,907,448,856 TUSD *', None)","('$1,733,339,380.82', 'https://coinmarketcap.com/currencies/trueusd/#markets/')","('-0.08%', None)","('-0.01%', None)","('0.04%', None)","('', None)"
"('25', None)","('Uniswap', 'https://coinmarketcap.com/currencies/uniswap/')","('UNI', None)","('$2,627,527,906.85', None)","('$4.5498', None)","('577,501,031 UNI *', None)","('$87,112,537.96', 'https://coinmarketcap.com/currencies/uniswap/#markets/')","('0.20%', None)","('-2.21%', None)","('-7.35%', None)","('', None)"
"('26', None)","('Monero', 'https://coinmarketcap.com/currencies/monero/')","('XMR', None)","('$2,563,461,708.97', None)","('$139.90', None)","('18,323,142 XMR', None)","('$62,511,771.52', 'https://coinmarketcap.com/currencies/monero/#markets/')","('-0.19%', None)","('1.08%', None)","('-2.50%', None)","('', None)"
"('27', None)","('OKB', 'https://coinmarketcap.com/currencies/okb/')","('OKB', None)","('$2,560,000,113.73', None)","('$42.67', None)","('60,000,000 OKB *', None)","('$1,728,990.68', 'https://coinmarketcap.com/currencies/okb/#markets/')","('-0.05%', None)","('-0.88%', None)","('0.77%', None)","('', None)"
"('28', None)","('Cosmos', 'https://coinmarketcap.com/currencies/cosmos/')","('ATOM', None)","('$2,510,937,180.90', None)","('$7.2443', None)","('346,608,690 ATOM *', None)","('$87,429,486.09', 'https://coinmarketcap.com/currencies/cosmos/#markets/')","('-0.09%', None)","('0.55%', None)","('-4.39%', None)","('', None)"
"('29', None)","('Ethereum Classic', 'https://coinmarketcap.com/currencies/ethereum-classic/')","('ETC', None)","('$2,282,733,161.55', None)","('$16.00', None)","('142,692,668 ETC', None)","('$75,525,218.61', 'https://coinmarketcap.com/currencies/ethereum-classic/#markets/')","('0.20%', None)","('-0.29%', None)","('3.71%', None)","('', None)"
"('30', None)","('Hedera', 'https://coinmarketcap.com/currencies/hedera/')","('HBAR', None)","('$1,947,264,958.07', None)","('$0.05886', None)","('33,083,237,217 HBAR *', None)","('$82,946,495.90', 'https://coinmarketcap.com/currencies/hedera/#markets/')","('0.11%', None)","('-0.63%', None)","('-0.36%', None)","('', None)"
"('31', None)","('Internet Computer', 'https://coinmarketcap.com/currencies/internet-computer/')","('ICP', None)","('$1,551,766,082.28', None)","('$3.5101', None)","('442,084,120 ICP *', None)","('$16,614,482.50', 'https://coinmarketcap.com/currencies/internet-computer/#markets/')","('0.15%', None)","('-2.52%', None)","('0.15%', None)","('', None)"
"('32', None)","('Filecoin', 'https://coinmarketcap.com/currencies/filecoin/')","('FIL', None)","('$1,434,049,850.09', None)","('$3.2352', None)","('443,258,347 FIL', None)","('$96,585,090.02', 'https://coinmarketcap.com/currencies/filecoin/#markets/')","('0.11%', None)","('-1.87%', None)","('-7.56%', None)","('', None)"
"('33', None)","('Mantle', 'https://coinmarketcap.com/currencies/mantle/')","('MNT', None)","('$1,389,503,504.21', None)","('$0.4296', None)","('3,234,382,071 MNT *', None)","('$12,277,953.46', 'https://coinmarketcap.com/currencies/mantle/#markets/')","('0.00%', None)","('1.76%', None)","('0.66%', None)","('', None)"
"('34', None)","('Lido DAO', 'https://coinmarketcap.com/currencies/lido-dao/')","('LDO', None)","('$1,383,021,589.59', None)","('$1.5580', None)","('887,699,772 LDO *', None)","('$67,800,848.27', 'https://coinmarketcap.com/currencies/lido-dao/#markets/')","('0.95%', None)","('-4.65%', None)","('-4.66%', None)","('', None)"
"('35', None)","('Cronos', 'https://coinmarketcap.com/currencies/cronos/')","('CRO', None)","('$1,294,165,405.57', None)","('$0.05123', None)","('25,263,013,692 CRO *', None)","('$6,005,789.23', 'https://coinmarketcap.com/currencies/cronos/#markets/')","('0.10%', None)","('-0.51%', None)","('-1.18%', None)","('', None)"
"('36', None)","('Aptos', 'https://coinmarketcap.com/currencies/aptos/')","('APT', None)","('$1,293,223,853.59', None)","('$5.6911', None)","('227,235,133 APT *', None)","('$88,396,875.79', 'https://coinmarketcap.com/currencies/aptos/#markets/')","('0.25%', None)","('-2.15%', None)","('-2.42%', None)","('', None)"
"('37', None)","('Quant', 'https://coinmarketcap.com/currencies/quant/')","('QNT', None)","('$1,224,514,289.72', None)","('$101.43', None)","('12,072,738 QNT *', None)","('$12,974,257.69', 'https://coinmarketcap.com/currencies/quant/#markets/')","('0.28%', None)","('1.39%', None)","('1.56%', None)","('', None)"
"('38', None)","('Arbitrum', 'https://coinmarketcap.com/currencies/arbitrum/')","('ARB', None)","('$1,208,723,808.64', None)","('$0.948', None)","('1,275,000,000 ARB *', None)","('$152,807,293.97', 'https://coinmarketcap.com/currencies/arbitrum/#markets/')","('0.51%', None)","('-3.28%', None)","('-5.83%', None)","('', None)"
"('39', None)","('VeChain', 'https://coinmarketcap.com/currencies/vechain/')","('VET', None)","('$1,167,316,310.31', None)","('$0.01605', None)","('72,714,516,834 VET *', None)","('$23,309,138.00', 'https://coinmarketcap.com/currencies/vechain/#markets/')","('0.33%', None)","('1.07%', None)","('0.04%', None)","('', None)"
"('40', None)","('NEAR Protocol', 'https://coinmarketcap.com/currencies/near-protocol/')","('NEAR', None)","('$1,120,314,403.12', None)","('$1.1897', None)","('941,671,517 NEAR *', None)","('$47,022,915.54', 'https://coinmarketcap.com/currencies/near-protocol/#markets/')","('0.14%', None)","('-0.38%', None)","('4.13%', None)","('', None)"
"('41', None)","('Optimism', 'https://coinmarketcap.com/currencies/optimism-ethereum/')","('OP', None)","('$1,052,692,332.09', None)","('$1.4688', None)","('716,708,907 OP *', None)","('$152,907,326.63', 'https://coinmarketcap.com/currencies/optimism-ethereum/#markets/')","('-0.01%', None)","('-7.34%', None)","('2.02%', None)","('', None)"
"('42', None)","('Maker', 'https://coinmarketcap.com/currencies/maker/')","('MKR', None)","('$990,504,480.61', None)","('$1,013.17', None)","('977,631 MKR *', None)","('$64,448,513.14', 'https://coinmarketcap.com/currencies/maker/#markets/')","('0.14%', None)","('-1.75%', None)","('-5.42%', None)","('', None)"
"('43', None)","('Aave', 'https://coinmarketcap.com/currencies/aave/')","('AAVE', None)","('$826,232,881.80', None)","('$56.89', None)","('14,524,340 AAVE *', None)","('$68,297,790.82', 'https://coinmarketcap.com/currencies/aave/#markets/')","('0.27%', None)","('-0.82%', None)","('1.90%', None)","('', None)"
"('44', None)","('The Graph', 'https://coinmarketcap.com/currencies/the-graph/')","('GRT', None)","('$816,867,738.33', None)","('$0.08914', None)","('9,164,031,528 GRT *', None)","('$36,019,315.03', 'https://coinmarketcap.com/currencies/the-graph/#markets/')","('0.20%', None)","('-2.75%', None)","('-1.43%', None)","('', None)"
"('45', None)","('Algorand', 'https://coinmarketcap.com/currencies/algorand/')","('ALGO', None)","('$758,703,967.47', None)","('$0.09693', None)","('7,827,171,346 ALGO *', None)","('$22,762,098.11', 'https://coinmarketcap.com/currencies/algorand/#markets/')","('0.05%', None)","('-0.33%', None)","('1.62%', None)","('', None)"
"('46', None)","('XDC Network', 'https://coinmarketcap.com/currencies/xdc-network/')","('XDC', None)","('$733,226,989.17', None)","('$0.05291', None)","('13,858,710,886 XDC *', None)","('$10,528,676.98', 'https://coinmarketcap.com/currencies/xdc-network/#markets/')","('0.04%', None)","('-1.33%', None)","('-9.71%', None)","('', None)"
"('47', None)","('USDD', 'https://coinmarketcap.com/currencies/usdd/')","('USDD', None)","('$723,638,753.88', None)","('$0.9977', None)","('725,332,035 USDD *', None)","('$24,074,045.57', 'https://coinmarketcap.com/currencies/usdd/#markets/')","('-0.01%', None)","('-0.04%', None)","('0.21%', None)","('', None)"
"('48', None)","('Axie Infinity', 'https://coinmarketcap.com/currencies/axie-infinity/')","('AXS', None)","('$683,752,252.20', None)","('$4.8546', None)","('140,847,467 AXS *', None)","('$16,559,944.78', 'https://coinmarketcap.com/currencies/axie-infinity/#markets/')","('0.41%', None)","('-0.41%', None)","('-0.41%', None)","('', None)"
"('49', None)","('The Sandbox', 'https://coinmarketcap.com/currencies/the-sandbox/')","('SAND', None)","('$666,749,800.85', None)","('$0.3229', None)","('2,064,931,926 SAND *', None)","('$49,328,785.00', 'https://coinmarketcap.com/currencies/the-sandbox/#markets/')","('0.49%', None)","('-0.24%', None)","('-1.63%', None)","('', None)"
"('50', None)","('Tezos', 'https://coinmarketcap.com/currencies/tezos/')","('XTZ', None)","('$661,943,435.76', None)","('$0.6967', None)","('950,170,580 XTZ *', None)","('$13,871,033.93', 'https://coinmarketcap.com/currencies/tezos/#markets/')","('0.02%', None)","('0.44%', None)","('-0.62%', None)","('', None)"
"('51', None)","('Stacks', 'https://coinmarketcap.com/currencies/stacks/')","('STX', None)","('$660,397,460.79', None)","('$0.4706', None)","('1,403,323,335 STX', None)","('$13,463,491.10', 'https://coinmarketcap.com/currencies/stacks/#markets/')","('0.15%', None)","('-0.90%', None)","('-1.71%', None)","('', None)"
"('52', None)","('MultiversX', 'https://coinmarketcap.com/currencies/multiversx-egld/')","('EGLD', None)","('$655,307,121.86', None)","('$25.32', None)","('25,879,171 EGLD *', None)","('$15,831,684.24', 'https://coinmarketcap.com/currencies/multiversx-egld/#markets/')","('0.15%', None)","('-1.13%', None)","('-7.45%', None)","('', None)"
"('53', None)","('EOS', 'https://coinmarketcap.com/currencies/eos/')","('EOS', None)","('$645,857,673.66', None)","('$0.5867', None)","('1,100,753,047 EOS *', None)","('$87,931,284.06', 'https://coinmarketcap.com/currencies/eos/#markets/')","('0.09%', None)","('0.29%', None)","('2.18%', None)","('', None)"
"('54', None)","('Theta Network', 'https://coinmarketcap.com/currencies/theta-network/')","('THETA', None)","('$635,749,025.28', None)","('$0.6357', None)","('1,000,000,000 THETA *', None)","('$9,643,726.70', 'https://coinmarketcap.com/currencies/theta-network/#markets/')","('0.10%', None)","('0.49%', None)","('1.48%', None)","('', None)"
"('55', None)","('Immutable', 'https://coinmarketcap.com/currencies/immutable-x/')","('IMX', None)","('$632,186,784.21', None)","('$0.5627', None)","('1,123,390,887 IMX *', None)","('$35,319,141.27', 'https://coinmarketcap.com/currencies/immutable-x/#markets/')","('0.64%', None)","('-3.13%', None)","('-5.97%', None)","('', None)"
"('56', None)","('Injective', 'https://coinmarketcap.com/currencies/injective/')","('INJ', None)","('$608,735,271.00', None)","('$7.2680', None)","('83,755,556 INJ *', None)","('$29,903,353.75', 'https://coinmarketcap.com/currencies/injective/#markets/')","('-0.03%', None)","('-2.70%', None)","('-7.73%', None)","('', None)"
"('57', None)","('Fantom', 'https://coinmarketcap.com/currencies/fantom/')","('FTM', None)","('$582,258,459.46', None)","('$0.2077', None)","('2,802,691,357 FTM *', None)","('$29,980,644.43', 'https://coinmarketcap.com/currencies/fantom/#markets/')","('0.11%', None)","('-0.92%', None)","('3.89%', None)","('', None)"
"('58', None)","('Bitcoin SV', 'https://coinmarketcap.com/currencies/bitcoin-sv/')","('BSV', None)","('$579,354,449.45', None)","('$30.07', None)","('19,266,077 BSV', None)","('$16,935,868.42', 'https://coinmarketcap.com/currencies/bitcoin-sv/#markets/')","('0.18%', None)","('-2.86%', None)","('3.04%', None)","('', None)"
"('59', None)","('Decentraland', 'https://coinmarketcap.com/currencies/decentraland/')","('MANA', None)","('$578,069,048.78', None)","('$0.3054', None)","('1,893,095,371 MANA *', None)","('$44,607,866.97', 'https://coinmarketcap.com/currencies/decentraland/#markets/')","('0.48%', None)","('0.07%', None)","('-0.36%', None)","('', None)"
"('60', None)","('Synthetix', 'https://coinmarketcap.com/currencies/synthetix/')","('SNX', None)","('$555,024,528.45', None)","('$2.0624', None)","('269,121,362 SNX *', None)","('$32,694,877.37', 'https://coinmarketcap.com/currencies/synthetix/#markets/')","('0.55%', None)","('-0.58%', None)","('-5.46%', None)","('', None)"
"('61', None)","('Render', 'https://coinmarketcap.com/currencies/render/')","('RNDR', None)","('$548,179,027.60', None)","('$1.4740', None)","('371,908,453 RNDR *', None)","('$25,652,189.20', 'https://coinmarketcap.com/currencies/render/#markets/')","('0.55%', None)","('0.74%', None)","('3.70%', None)","('', None)"
"('62', None)","('ApeCoin', 'https://coinmarketcap.com/currencies/apecoin-ape/')","('APE', None)","('$533,029,166.23', None)","('$1.4461', None)","('368,593,750 APE *', None)","('$48,122,107.87', 'https://coinmarketcap.com/currencies/apecoin-ape/#markets/')","('0.88%', None)","('0.53%', None)","('-7.47%', None)","('', None)"
"('63', None)","('Pax Dollar', 'https://coinmarketcap.com/currencies/paxos-standard/')","('USDP', None)","('$509,987,125.72', None)","('$0.9996', None)","('510,215,145 USDP *', None)","('$15,049,818.82', 'https://coinmarketcap.com/currencies/paxos-standard/#markets/')","('0.37%', None)","('0.28%', None)","('0.81%', None)","('', None)"
"('64', None)","('Neo', 'https://coinmarketcap.com/currencies/neo/')","('NEO', None)","('$506,141,678.92', None)","('$7.1754', None)","('70,538,831 NEO *', None)","('$21,426,170.45', 'https://coinmarketcap.com/currencies/neo/#markets/')","('0.42%', None)","('0.51%', None)","('2.55%', None)","('', None)"
"('65', None)","('THORChain', 'https://coinmarketcap.com/currencies/thorchain/')","('RUNE', None)","('$504,043,588.86', None)","('$1.4807', None)","('340,415,651 RUNE *', None)","('$78,363,548.78', 'https://coinmarketcap.com/currencies/thorchain/#markets/')","('0.05%', None)","('-1.08%', None)","('-8.00%', None)","('', None)"
"('66', None)","('Kava', 'https://coinmarketcap.com/currencies/kava/')","('KAVA', None)","('$491,529,841.24', None)","('$0.6834', None)","('719,219,914 KAVA *', None)","('$10,826,058.77', 'https://coinmarketcap.com/currencies/kava/#markets/')","('0.35%', None)","('-2.01%', None)","('-1.86%', None)","('', None)"
"('67', None)","('PAX Gold', 'https://coinmarketcap.com/currencies/pax-gold/')","('PAXG', None)","('$474,111,896.22', None)","('$1,902.92', None)","('249,150 PAXG *', None)","('$4,164,837.42', 'https://coinmarketcap.com/currencies/pax-gold/#markets/')","('0.00%', None)","('-0.26%', None)","('1.48%', None)","('', None)"
"('68', None)","('Tether Gold', 'https://coinmarketcap.com/currencies/tether-gold/')","('XAUt', None)","('$472,618,561.86', None)","('$1,917.13', None)","('246,524 XAUt *', None)","('$1,043,454.41', 'https://coinmarketcap.com/currencies/tether-gold/#markets/')","('-0.03%', None)","('-0.06%', None)","('0.95%', None)","('', None)"
"('69', None)","('eCash', 'https://coinmarketcap.com/currencies/ecash/')","('XEC', None)","('$468,092,957.09', None)","('$0.00002403', None)","('19,480,448,423,093 XEC *', None)","('$5,883,170.07', 'https://coinmarketcap.com/currencies/ecash/#markets/')","('0.46%', None)","('0.25%', None)","('1.00%', None)","('', None)"
"('70', None)","('Flow', 'https://coinmarketcap.com/currencies/flow/')","('FLOW', None)","('$466,662,055.23', None)","('$0.4504', None)","('1,036,200,000 FLOW *', None)","('$24,023,463.65', 'https://coinmarketcap.com/currencies/flow/#markets/')","('0.07%', None)","('-1.06%', None)","('-1.01%', None)","('', None)"
"('71', None)","('Rocket Pool', 'https://coinmarketcap.com/currencies/rocket-pool/')","('RPL', None)","('$461,816,944.96', None)","('$23.54', None)","('19,620,795 RPL *', None)","('$3,631,508.28', 'https://coinmarketcap.com/currencies/rocket-pool/#markets/')","('-0.17%', None)","('-1.92%', None)","('-4.44%', None)","('', None)"
"('72', None)","('Chiliz', 'https://coinmarketcap.com/currencies/chiliz/')","('CHZ', None)","('$449,072,864.89', None)","('$0.06301', None)","('7,126,880,905 CHZ *', None)","('$21,821,080.48', 'https://coinmarketcap.com/currencies/chiliz/#markets/')","('0.33%', None)","('0.32%', None)","('-1.18%', None)","('', None)"
"('73', None)","('Gala', 'https://coinmarketcap.com/currencies/gala/')","('GALA', None)","('$447,781,599.08', None)","('$0.01931', None)","('23,189,941,688 GALA *', None)","('$39,620,171.17', 'https://coinmarketcap.com/currencies/gala/#markets/')","('0.27%', None)","('-1.49%', None)","('-1.89%', None)","('', None)"
"('74', None)","('Klaytn', 'https://coinmarketcap.com/currencies/klaytn/')","('KLAY', None)","('$442,419,658.82', None)","('$0.1386', None)","('3,192,476,041 KLAY *', None)","('$5,989,536.21', 'https://coinmarketcap.com/currencies/klaytn/#markets/')","('0.04%', None)","('0.04%', None)","('-1.98%', None)","('', None)"
"('75', None)","('KuCoin Token', 'https://coinmarketcap.com/currencies/kucoin-token/')","('KCS', None)","('$440,503,374.19', None)","('$4.5538', None)","('96,732,986 KCS *', None)","('$1,545,478.38', 'https://coinmarketcap.com/currencies/kucoin-token/#markets/')","('0.01%', None)","('-3.86%', None)","('-6.67%', None)","('', None)"
"('76', None)","('Frax Share', 'https://coinmarketcap.com/currencies/frax-share/')","('FXS', None)","('$426,293,235.96', None)","('$5.8141', None)","('73,320,949 FXS *', None)","('$17,490,089.18', 'https://coinmarketcap.com/currencies/frax-share/#markets/')","('-0.16%', None)","('-3.33%', None)","('-3.81%', None)","('', None)"
"('77', None)","('IOTA', 'https://coinmarketcap.com/currencies/iota/')","('MIOTA', None)","('$407,906,646.18', None)","('$0.1468', None)","('2,779,530,283 MIOTA *', None)","('$3,669,231.04', 'https://coinmarketcap.com/currencies/iota/#markets/')","('0.73%', None)","('0.61%', None)","('0.98%', None)","('', None)"
"('78', None)","('Zcash', 'https://coinmarketcap.com/currencies/zcash/')","('ZEC', None)","('$408,533,685.87', None)","('$25.02', None)","('16,328,269 ZEC', None)","('$43,281,382.96', 'https://coinmarketcap.com/currencies/zcash/#markets/')","('0.15%', None)","('1.20%', None)","('2.45%', None)","('', None)"
"('79', None)","('Casper', 'https://coinmarketcap.com/currencies/casper/')","('CSPR', None)","('$403,210,792.05', None)","('$0.03577', None)","('11,272,187,750 CSPR *', None)","('$3,053,239.75', 'https://coinmarketcap.com/currencies/casper/#markets/')","('-0.06%', None)","('-1.10%', None)","('0.30%', None)","('', None)"
"('80', None)","('Sui', 'https://coinmarketcap.com/currencies/sui/')","('SUI', None)","('$402,224,441.84', None)","('$0.5562', None)","('723,162,190 SUI *', None)","('$162,888,635.99', 'https://coinmarketcap.com/currencies/sui/#markets/')","('0.12%', None)","('-2.80%', None)","('14.89%', None)","('', None)"
"('81', None)","('Huobi Token', 'https://coinmarketcap.com/currencies/huobi-token/')","('HT', None)","('$390,067,399.09', None)","('$2.4044', None)","('162,233,844 HT *', None)","('$12,908,659.91', 'https://coinmarketcap.com/currencies/huobi-token/#markets/')","('0.01%', None)","('-0.29%', None)","('1.91%', None)","('', None)"
"('82', None)","('BitTorrent(New)', 'https://coinmarketcap.com/currencies/bittorrent-new/')","('BTT', None)","('$388,737,453.15', None)","('$0.00000041', None)","('951,421,714,286,000 BTT *', None)","('$16,409,952.52', 'https://coinmarketcap.com/currencies/bittorrent-new/#markets/')","('0.06%', None)","('-1.87%', None)","('-4.31%', None)","('', None)"
"('83', None)","('Curve DAO Token', 'https://coinmarketcap.com/currencies/curve-dao-token/')","('CRV', None)","('$388,563,836.48', None)","('$0.4545', None)","('854,977,268 CRV *', None)","('$40,486,695.49', 'https://coinmarketcap.com/currencies/curve-dao-token/#markets/')","('-0.02%', None)","('0.06%', None)","('-8.14%', None)","('', None)"
"('84', None)","('Conflux', 'https://coinmarketcap.com/currencies/conflux-network/')","('CFX', None)","('$380,666,189.73', None)","('$0.1201', None)","('3,169,770,493 CFX', None)","('$21,749,460.65', 'https://coinmarketcap.com/currencies/conflux-network/#markets/')","('0.29%', None)","('-2.55%', None)","('-6.33%', None)","('', None)"
"('85', None)","('Mina', 'https://coinmarketcap.com/currencies/mina/')","('MINA', None)","('$377,292,111.77', None)","('$0.3943', None)","('956,977,200 MINA *', None)","('$5,883,656.38', 'https://coinmarketcap.com/currencies/mina/#markets/')","('0.37%', None)","('0.22%', None)","('-4.15%', None)","('', None)"
"('86', None)","('GateToken', 'https://coinmarketcap.com/currencies/gatetoken/')","('GT', None)","('$373,051,493.71', None)","('$3.8843', None)","('96,041,900 GT *', None)","('$709,656.50', 'https://coinmarketcap.com/currencies/gatetoken/#markets/')","('-0.74%', None)","('-0.44%', None)","('1.06%', None)","('', None)"
"('87', None)","('Terra Classic', 'https://coinmarketcap.com/currencies/terra-luna/')","('LUNC', None)","('$367,008,700.46', None)","('$0.00006311', None)","('5,815,651,920,177 LUNC *', None)","('$13,407,651.68', 'https://coinmarketcap.com/currencies/terra-luna/#markets/')","('0.36%', None)","('-0.92%', None)","('0.93%', None)","('', None)"
"('88', None)","('Trust Wallet Token', 'https://coinmarketcap.com/currencies/trust-wallet-token/')","('TWT', None)","('$352,099,983.62', None)","('$0.8451', None)","('416,649,900 TWT *', None)","('$6,300,668.69', 'https://coinmarketcap.com/currencies/trust-wallet-token/#markets/')","('-0.06%', None)","('-1.44%', None)","('-2.10%', None)","('', None)"
"('89', None)","('Pepe', 'https://coinmarketcap.com/currencies/pepe/')","('PEPE', None)","('$345,799,872.92', None)","('$0.00000088', None)","('391,790,000,000,000 PEPE *', None)","('$275,837,423.37', 'https://coinmarketcap.com/currencies/pepe/#markets/')","('1.84%', None)","('-6.51%', None)","('-18.92%', None)","('', None)"
"('90', None)","('dYdX', 'https://coinmarketcap.com/currencies/dydx/')","('DYDX', None)","('$338,669,192.01', None)","('$2.1674', None)","('156,256,174 DYDX *', None)","('$55,680,344.64', 'https://coinmarketcap.com/currencies/dydx/#markets/')","('-0.14%', None)","('-0.29%', None)","('10.21%', None)","('', None)"
"('91', None)","('Compound', 'https://coinmarketcap.com/currencies/compound/')","('COMP', None)","('$333,203,473.32', None)","('$42.66', None)","('7,811,579 COMP *', None)","('$27,745,870.48', 'https://coinmarketcap.com/currencies/compound/#markets/')","('-0.12%', None)","('-1.82%', None)","('1.25%', None)","('', None)"
"('92', None)","('Nexo', 'https://coinmarketcap.com/currencies/nexo/')","('NEXO', None)","('$331,597,132.01', None)","('$0.5921', None)","('560,000,011 NEXO *', None)","('$2,646,081.13', 'https://coinmarketcap.com/currencies/nexo/#markets/')","('-0.05%', None)","('0.06%', None)","('0.73%', None)","('', None)"
"('93', None)","('GMX', 'https://coinmarketcap.com/currencies/gmx/')","('GMX', None)","('$329,307,564.16', None)","('$36.72', None)","('8,968,871 GMX *', None)","('$10,808,744.78', 'https://coinmarketcap.com/currencies/gmx/#markets/')","('0.40%', None)","('-1.39%', None)","('-0.94%', None)","('', None)"
"('94', None)","('Bone ShibaSwap', 'https://coinmarketcap.com/currencies/bone-shibaswap/')","('BONE', None)","('$324,120,084.27', None)","('$1.4097', None)","('229,923,351 BONE *', None)","('$12,467,088.15', 'https://coinmarketcap.com/currencies/bone-shibaswap/#markets/')","('0.86%', None)","('0.35%', None)","('19.40%', None)","('', None)"
"('95', None)","('APENFT', 'https://coinmarketcap.com/currencies/apenft/')","('NFT', None)","('$319,183,570.45', None)","('$0.00000032', None)","('990,105,683,025,577 NFT *', None)","('$20,801,039.33', 'https://coinmarketcap.com/currencies/apenft/#markets/')","('0.14%', None)","('0.29%', None)","('5.09%', None)","('', None)"
"('96', None)","('WOO Network', 'https://coinmarketcap.com/currencies/wootrade/')","('WOO', None)","('$317,281,942.53', None)","('$0.1828', None)","('1,735,838,573 WOO *', None)","('$8,364,316.00', 'https://coinmarketcap.com/currencies/wootrade/#markets/')","('0.07%', None)","('-1.49%', None)","('11.18%', None)","('', None)"
"('97', None)","('Gemini Dollar', 'https://coinmarketcap.com/currencies/gemini-dollar/')","('GUSD', None)","('$310,553,103.67', None)","('$0.9977', None)","('311,274,154 GUSD *', None)","('$665,745.36', 'https://coinmarketcap.com/currencies/gemini-dollar/#markets/')","('0.03%', None)","('-0.11%', None)","('-0.13%', None)","('', None)"
"('98', None)","('Flare', 'https://coinmarketcap.com/currencies/flare/')","('FLR', None)","('$310,309,647.18', None)","('$0.0136', None)","('22,817,003,626 FLR', None)","('$4,926,724.29', 'https://coinmarketcap.com/currencies/flare/#markets/')","('0.39%', None)","('2.27%', None)","('2.93%', None)","('', None)"
"('99', None)","('Astar', 'https://coinmarketcap.com/currencies/astar/')","('ASTR', None)","('$304,464,153.09', None)","('$0.06444', None)","('4,724,937,882 ASTR *', None)","('$16,871,189.08', 'https://coinmarketcap.com/currencies/astar/#markets/')","('-0.27%', None)","('-3.05%', None)","('10.90%', None)","('', None)"
"('100', None)","('Dash', 'https://coinmarketcap.com/currencies/dash/')","('DASH', None)","('$292,018,552.81', None)","('$25.56', None)","('11,422,898 DASH', None)","('$42,382,421.01', 'https://coinmarketcap.com/currencies/dash/#markets/')","('0.34%', None)","('1.49%', None)","('-3.46%', None)","('', None)"
"('101', None)","('Akash Network', 'https://coinmarketcap.com/currencies/akash-network/')","('AKT', None)","('$285,205,564.35', None)","('$1.3118', None)","('217,416,538 AKT *', None)","('$3,635,942.35', 'https://coinmarketcap.com/currencies/akash-network/#markets/')","('0.35%', None)","('-7.13%', None)","('-9.15%', None)","('', None)"
"('102', None)","('PancakeSwap', 'https://coinmarketcap.com/currencies/pancakeswap/')","('CAKE', None)","('$283,057,029.83', None)","('$1.2778', None)","('221,512,943 CAKE *', None)","('$13,555,466.11', 'https://coinmarketcap.com/currencies/pancakeswap/#markets/')","('0.27%', None)","('-0.13%', None)","('-2.85%', None)","('', None)"
"('103', None)","('MX TOKEN', 'https://coinmarketcap.com/currencies/mx-token/')","('MX', None)","('$278,385,921.23', None)","('$2.7642', None)","('100,709,834 MX *', None)","('$2,773,749.15', 'https://coinmarketcap.com/currencies/mx-token/#markets/')","('0.25%', None)","('-0.32%', None)","('4.65%', None)","('', None)"
"('104', None)","('Arweave', 'https://coinmarketcap.com/currencies/arweave/')","('AR', None)","('$273,215,225.34', None)","('$4.1741', None)","('65,454,185 AR *', None)","('$22,890,703.54', 'https://coinmarketcap.com/currencies/arweave/#markets/')","('0.28%', None)","('0.13%', None)","('-3.26%', None)","('', None)"
"('105', None)","('Zilliqa', 'https://coinmarketcap.com/currencies/zilliqa/')","('ZIL', None)","('$266,192,636.38', None)","('$0.01678', None)","('15,867,699,447 ZIL', None)","('$9,289,423.68', 'https://coinmarketcap.com/currencies/zilliqa/#markets/')","('<0.01%', None)","('0.39%', None)","('0.67%', None)","('', None)"
"('106', None)","('Oasis Network', 'https://coinmarketcap.com/currencies/oasis-network/')","('ROSE', None)","('$262,758,293.88', None)","('$0.04016', None)","('6,542,267,493 ROSE *', None)","('$8,488,734.89', 'https://coinmarketcap.com/currencies/oasis-network/#markets/')","('0.05%', None)","('-0.62%', None)","('-2.39%', None)","('', None)"
"('107', None)","('Gnosis', 'https://coinmarketcap.com/currencies/gnosis-gno/')","('GNO', None)","('$259,916,757.02', None)","('$100.37', None)","('2,589,588 GNO *', None)","('$9,010,761.33', 'https://coinmarketcap.com/currencies/gnosis-gno/#markets/')","('-0.01%', None)","('0.14%', None)","('0.26%', None)","('', None)"
"('108', None)","('Basic Attention Token', 'https://coinmarketcap.com/currencies/basic-attention-token/')","('BAT', None)","('$259,390,286.81', None)","('$0.1741', None)","('1,489,950,992 BAT *', None)","('$11,652,074.40', 'https://coinmarketcap.com/currencies/basic-attention-token/#markets/')","('0.22%', None)","('0.33%', None)","('1.76%', None)","('', None)"
"('109', None)","('SafePal', 'https://coinmarketcap.com/currencies/safepal/')","('SFP', None)","('$258,458,487.51', None)","('$0.5169', None)","('500,000,000 SFP *', None)","('$18,332,639.01', 'https://coinmarketcap.com/currencies/safepal/#markets/')","('0.05%', None)","('-10.90%', None)","('11.56%', None)","('', None)"
"('110', None)","('1inch Network', 'https://coinmarketcap.com/currencies/1inch/')","('1INCH', None)","('$254,142,214.04', None)","('$0.2466', None)","('1,030,493,101 1INCH *', None)","('$14,697,983.67', 'https://coinmarketcap.com/currencies/1inch/#markets/')","('0.15%', None)","('-1.83%', None)","('1.94%', None)","('', None)"
"('111', None)","('Sei', 'https://coinmarketcap.com/currencies/sei/')","('SEI', None)","('$250,514,511.16', None)","('$0.1392', None)","('1,800,000,000 SEI *', None)","('$76,796,276.75', 'https://coinmarketcap.com/currencies/sei/#markets/')","('0.07%', None)","('-5.81%', None)","('-16.45%', None)","('', None)"
"('112', None)","('Chia', 'https://coinmarketcap.com/currencies/chia-network/')","('XCH', None)","('$249,594,139.73', None)","('$30.15', None)","('8,278,012 XCH', None)","('$2,493,014.38', 'https://coinmarketcap.com/currencies/chia-network/#markets/')","('-0.14%', None)","('0.05%', None)","('0.79%', None)","('', None)"
"('113', None)","('Loopring', 'https://coinmarketcap.com/currencies/loopring/')","('LRC', None)","('$243,120,792.45', None)","('$0.1826', None)","('1,331,547,705 LRC *', None)","('$7,950,107.13', 'https://coinmarketcap.com/currencies/loopring/#markets/')","('-0.07%', None)","('-0.29%', None)","('-1.82%', None)","('', None)"
"('114', None)","('Enjin Coin', 'https://coinmarketcap.com/currencies/enjin-coin/')","('ENJ', None)","('$239,879,871.02', None)","('$0.2399', None)","('1,000,000,000 ENJ *', None)","('$9,047,904.29', 'https://coinmarketcap.com/currencies/enjin-coin/#markets/')","('-0.01%', None)","('-0.75%', None)","('-0.96%', None)","('', None)"
"('115', None)","('Helium', 'https://coinmarketcap.com/currencies/helium/')","('HNT', None)","('$233,371,411.70', None)","('$1.6214', None)","('143,934,821 HNT', None)","('$1,847,724.85', 'https://coinmarketcap.com/currencies/helium/#markets/')","('0.65%', None)","('3.99%', None)","('-10.47%', None)","('', None)"
"('116', None)","('Qtum', 'https://coinmarketcap.com/currencies/qtum/')","('QTUM', None)","('$230,408,357.90', None)","('$2.1995', None)","('104,755,842 QTUM *', None)","('$21,824,327.41', 'https://coinmarketcap.com/currencies/qtum/#markets/')","('0.10%', None)","('-0.89%', None)","('0.66%', None)","('', None)"
"('117', None)","('Ethereum Name Service', 'https://coinmarketcap.com/currencies/ethereum-name-service/')","('ENS', None)","('$230,123,909.42', None)","('$7.7697', None)","('29,618,123 ENS *', None)","('$7,249,456.61', 'https://coinmarketcap.com/currencies/ethereum-name-service/#markets/')","('0.53%', None)","('-3.76%', None)","('-3.18%', None)","('', None)"
"('118', None)","('NEM', 'https://coinmarketcap.com/currencies/nem/')","('XEM', None)","('$226,756,776.59', None)","('$0.0252', None)","('8,999,999,999 XEM *', None)","('$3,637,894.71', 'https://coinmarketcap.com/currencies/nem/#markets/')","('0.22%', None)","('0.68%', None)","('1.16%', None)","('', None)"
"('119', None)","('Bitcoin Gold', 'https://coinmarketcap.com/currencies/bitcoin-gold/')","('BTG', None)","('$222,687,909.02', None)","('$12.71', None)","('17,513,924 BTG', None)","('$1,816,441.53', 'https://coinmarketcap.com/currencies/bitcoin-gold/#markets/')","('-0.27%', None)","('-1.61%', None)","('-4.56%', None)","('', None)"
"('120', None)","('SingularityNET', 'https://coinmarketcap.com/currencies/singularitynet/')","('AGIX', None)","('$223,803,293.06', None)","('$0.1816', None)","('1,232,484,306 AGIX *', None)","('$25,677,761.30', 'https://coinmarketcap.com/currencies/singularitynet/#markets/')","('0.55%', None)","('0.36%', None)","('3.49%', None)","('', None)"
"('121', None)","('Convex Finance', 'https://coinmarketcap.com/currencies/convex-finance/')","('CVX', None)","('$220,872,673.57', None)","('$2.7635', None)","('79,924,699 CVX *', None)","('$4,799,292.50', 'https://coinmarketcap.com/currencies/convex-finance/#markets/')","('0.15%', None)","('-0.34%', None)","('-1.09%', None)","('', None)"
"('122', None)","('Mask Network', 'https://coinmarketcap.com/currencies/mask-network/')","('MASK', None)","('$219,868,739.56', None)","('$2.6777', None)","('82,112,500 MASK *', None)","('$42,448,920.27', 'https://coinmarketcap.com/currencies/mask-network/#markets/')","('0.17%', None)","('-1.16%', None)","('1.23%', None)","('', None)"
"('123', None)","('Celo', 'https://coinmarketcap.com/currencies/celo/')","('CELO', None)","('$217,466,370.64', None)","('$0.4277', None)","('508,448,178 CELO *', None)","('$5,014,092.56', 'https://coinmarketcap.com/currencies/celo/#markets/')","('0.33%', None)","('0.53%', None)","('1.69%', None)","('', None)"
"('124', None)","('Theta Fuel', 'https://coinmarketcap.com/currencies/theta-fuel/')","('TFUEL', None)","('$208,826,970.64', None)","('$0.03337', None)","('6,257,139,017 TFUEL *', None)","('$1,666,662.11', 'https://coinmarketcap.com/currencies/theta-fuel/#markets/')","('0.05%', None)","('-0.25%', None)","('0.54%', None)","('', None)"
"('125', None)","('Decred', 'https://coinmarketcap.com/currencies/decred/')","('DCR', None)","('$204,933,768.36', None)","('$13.27', None)","('15,438,317 DCR', None)","('$3,536,271.70', 'https://coinmarketcap.com/currencies/decred/#markets/')","('-0.11%', None)","('3.26%', None)","('1.84%', None)","('', None)"
"('126', None)","('Ankr', 'https://coinmarketcap.com/currencies/ankr/')","('ANKR', None)","('$199,419,911.21', None)","('$0.01994', None)","('10,000,000,000 ANKR *', None)","('$7,104,786.37', 'https://coinmarketcap.com/currencies/ankr/#markets/')","('-0.10%', None)","('1.00%', None)","('0.98%', None)","('', None)"
"('127', None)","('Ravencoin', 'https://coinmarketcap.com/currencies/ravencoin/')","('RVN', None)","('$197,729,455.63', None)","('$0.01533', None)","('12,899,485,605 RVN', None)","('$4,640,807.83', 'https://coinmarketcap.com/currencies/ravencoin/#markets/')","('0.10%', None)","('0.76%', None)","('-2.75%', None)","('', None)"
"('128', None)","('Osmosis', 'https://coinmarketcap.com/currencies/osmosis/')","('OSMO', None)","('$196,035,048.71', None)","('$0.398', None)","('492,590,761 OSMO *', None)","('$4,523,572.86', 'https://coinmarketcap.com/currencies/osmosis/#markets/')","('0.01%', None)","('-1.30%', None)","('-9.19%', None)","('', None)"
"('129', None)","('Ocean Protocol', 'https://coinmarketcap.com/currencies/ocean-protocol/')","('OCEAN', None)","('$195,666,273.80', None)","('$0.3191', None)","('613,099,141 OCEAN *', None)","('$21,516,327.25', 'https://coinmarketcap.com/currencies/ocean-protocol/#markets/')","('0.19%', None)","('1.02%', None)","('6.30%', None)","('', None)"
"('130', None)","('yearn.finance', 'https://coinmarketcap.com/currencies/yearn-finance/')","('YFI', None)","('$189,768,242.79', None)","('$5,743.31', None)","('33,042 YFI *', None)","('$32,477,076.44', 'https://coinmarketcap.com/currencies/yearn-finance/#markets/')","('0.21%', None)","('1.55%', None)","('4.90%', None)","('', None)"
"('131', None)","('Livepeer', 'https://coinmarketcap.com/currencies/livepeer/')","('LPT', None)","('$190,321,657.35', None)","('$6.6052', None)","('28,813,799 LPT *', None)","('$46,599,344.67', 'https://coinmarketcap.com/currencies/livepeer/#markets/')","('0.29%', None)","('-3.14%', None)","('4.28%', None)","('', None)"
"('132', None)","('Holo', 'https://coinmarketcap.com/currencies/holo/')","('HOT', None)","('$187,223,432.70', None)","('$0.001089', None)","('171,989,009,269 HOT *', None)","('$7,232,514.60', 'https://coinmarketcap.com/currencies/holo/#markets/')","('0.04%', None)","('-1.09%', None)","('-1.15%', None)","('', None)"
"('133', None)","('JUST', 'https://coinmarketcap.com/currencies/just/')","('JST', None)","('$184,678,157.70', None)","('$0.02075', None)","('8,902,080,000 JST *', None)","('$26,282,427.87', 'https://coinmarketcap.com/currencies/just/#markets/')","('0.18%', None)","('0.50%', None)","('2.93%', None)","('', None)"
"('134', None)","('STEPN', 'https://coinmarketcap.com/currencies/green-metaverse-token/')","('GMT', None)","('$184,504,985.59', None)","('$0.168', None)","('1,098,267,251 GMT *', None)","('$14,461,809.97', 'https://coinmarketcap.com/currencies/green-metaverse-token/#markets/')","('0.16%', None)","('-1.18%', None)","('2.43%', None)","('', None)"
"('135', None)","('Balancer', 'https://coinmarketcap.com/currencies/balancer/')","('BAL', None)","('$180,660,096.04', None)","('$3.4894', None)","('51,773,342 BAL *', None)","('$3,011,030.81', 'https://coinmarketcap.com/currencies/balancer/#markets/')","('0.01%', None)","('0.37%', None)","('-4.32%', None)","('', None)"
"('136', None)","('aelf', 'https://coinmarketcap.com/currencies/aelf/')","('ELF', None)","('$179,857,321.91', None)","('$0.2885', None)","('623,346,585 ELF *', None)","('$6,632,930.42', 'https://coinmarketcap.com/currencies/aelf/#markets/')","('0.04%', None)","('-3.19%', None)","('2.61%', None)","('', None)"
"('137', None)","('Fetch.ai', 'https://coinmarketcap.com/currencies/fetch/')","('FET', None)","('$177,921,029.73', None)","('$0.2172', None)","('819,234,391 FET *', None)","('$40,368,780.24', 'https://coinmarketcap.com/currencies/fetch/#markets/')","('0.41%', None)","('3.89%', None)","('8.62%', None)","('', None)"
"('138', None)","('Blur', 'https://coinmarketcap.com/currencies/blur-token/')","('BLUR', None)","('$176,961,202.02', None)","('$0.203', None)","('871,655,440 BLUR *', None)","('$18,453,388.90', 'https://coinmarketcap.com/currencies/blur-token/#markets/')","('0.52%', None)","('-2.17%', None)","('-7.10%', None)","('', None)"
"('139', None)","('Waves', 'https://coinmarketcap.com/currencies/waves/')","('WAVES', None)","('$172,051,395.02', None)","('$1.5319', None)","('112,314,532 WAVES *', None)","('$23,640,637.40', 'https://coinmarketcap.com/currencies/waves/#markets/')","('0.36%', None)","('-0.71%', None)","('2.83%', None)","('', None)"
"('140', None)","('Golem', 'https://coinmarketcap.com/currencies/golem-network-tokens/')","('GLM', None)","('$170,836,389.63', None)","('$0.1708', None)","('1,000,000,000 GLM *', None)","('$2,591,329.18', 'https://coinmarketcap.com/currencies/golem-network-tokens/#markets/')","('-0.22%', None)","('-1.51%', None)","('1.72%', None)","('', None)"
"('141', None)","('Aragon', 'https://coinmarketcap.com/currencies/aragon/')","('ANT', None)","('$170,362,619.31', None)","('$4.2559', None)","('40,029,852 ANT *', None)","('$10,616,920.75', 'https://coinmarketcap.com/currencies/aragon/#markets/')","('0.28%', None)","('0.88%', None)","('2.81%', None)","('', None)"
"('142', None)","('Audius', 'https://coinmarketcap.com/currencies/audius/')","('AUDIO', None)","('$166,961,966.86', None)","('$0.1509', None)","('1,106,620,023 AUDIO *', None)","('$3,482,186.35', 'https://coinmarketcap.com/currencies/audius/#markets/')","('0.05%', None)","('-1.76%', None)","('-3.38%', None)","('', None)"
"('143', None)","('JasmyCoin', 'https://coinmarketcap.com/currencies/jasmy/')","('JASMY', None)","('$166,499,858.56', None)","('$0.003405', None)","('48,899,999,999 JASMY *', None)","('$11,715,276.53', 'https://coinmarketcap.com/currencies/jasmy/#markets/')","('0.29%', None)","('-0.72%', None)","('2.28%', None)","('', None)"
"('144', None)","('FLOKI', 'https://coinmarketcap.com/currencies/floki-inu/')","('FLOKI', None)","('$165,691,080.08', None)","('$0.00001756', None)","('9,435,132,149,429 FLOKI *', None)","('$9,666,843.90', 'https://coinmarketcap.com/currencies/floki-inu/#markets/')","('0.14%', None)","('-2.66%', None)","('-4.73%', None)","('', None)"
"('145', None)","('Threshold', 'https://coinmarketcap.com/currencies/threshold/')","('T', None)","('$165,422,273.70', None)","('$0.01847', None)","('8,956,248,017 T *', None)","('$3,437,076.95', 'https://coinmarketcap.com/currencies/threshold/#markets/')","('0.03%', None)","('-1.29%', None)","('-2.87%', None)","('', None)"
"('146', None)","('ICON', 'https://coinmarketcap.com/currencies/icon/')","('ICX', None)","('$163,669,478.54', None)","('$0.1695', None)","('965,535,827 ICX *', None)","('$2,467,118.41', 'https://coinmarketcap.com/currencies/icon/#markets/')","('0.26%', None)","('-0.07%', None)","('-0.92%', None)","('', None)"
"('147', None)","('Kusama', 'https://coinmarketcap.com/currencies/kusama/')","('KSM', None)","('$161,905,219.88', None)","('$19.11', None)","('8,470,098 KSM *', None)","('$7,737,748.95', 'https://coinmarketcap.com/currencies/kusama/#markets/')","('0.15%', None)","('-0.56%', None)","('-6.06%', None)","('', None)"
"('148', None)","('Siacoin', 'https://coinmarketcap.com/currencies/siacoin/')","('SC', None)","('$160,633,077.22', None)","('$0.002925', None)","('54,915,892,901 SC', None)","('$3,912,022.89', 'https://coinmarketcap.com/currencies/siacoin/#markets/')","('-0.10%', None)","('1.67%', None)","('2.90%', None)","('', None)"
"('149', None)","('Worldcoin', 'https://coinmarketcap.com/currencies/worldcoin-org/')","('WLD', None)","('$160,653,137.13', None)","('$1.2667', None)","('126,831,241 WLD *', None)","('$47,733,742.84', 'https://coinmarketcap.com/currencies/worldcoin-org/#markets/')","('-0.19%', None)","('-9.30%', None)","('-17.96%', None)","('', None)"
"('150', None)","('Solar', 'https://coinmarketcap.com/currencies/sxp/')","('SXP', None)","('$154,613,096.98', None)","('$0.2687', None)","('575,508,682 SXP *', None)","('$9,004,557.54', 'https://coinmarketcap.com/currencies/sxp/#markets/')","('0.21%', None)","('-1.73%', None)","('4.55%', None)","('', None)"
"('151', None)","('Terra', 'https://coinmarketcap.com/currencies/terra-luna-v2/')","('LUNA', None)","('$150,348,361.81', None)","('$0.4205', None)","('357,565,717 LUNA *', None)","('$17,167,568.40', 'https://coinmarketcap.com/currencies/terra-luna-v2/#markets/')","('0.31%', None)","('0.22%', None)","('-2.01%', None)","('', None)"
"('152', None)","('Illuvium', 'https://coinmarketcap.com/currencies/illuvium/')","('ILV', None)","('$149,283,070.48', None)","('$42.35', None)","('3,525,321 ILV *', None)","('$3,898,537.54', 'https://coinmarketcap.com/currencies/illuvium/#markets/')","('-0.33%', None)","('-2.10%', None)","('-5.16%', None)","('', None)"
"('153', None)","('Hive', 'https://coinmarketcap.com/currencies/hive-blockchain/')","('HIVE', None)","('$146,652,257.01', None)","('$0.2929', None)","('500,749,243 HIVE *', None)","('$2,198,305.99', 'https://coinmarketcap.com/currencies/hive-blockchain/#markets/')","('0.07%', None)","('0.24%', None)","('0.86%', None)","('', None)"
"('154', None)","('0x Protocol', 'https://coinmarketcap.com/currencies/0x/')","('ZRX', None)","('$146,000,756.62', None)","('$0.1723', None)","('847,496,055 ZRX *', None)","('$6,772,888.50', 'https://coinmarketcap.com/currencies/0x/#markets/')","('-0.03%', None)","('-0.62%', None)","('-0.90%', None)","('', None)"
"('155', None)","('EthereumPoW', 'https://coinmarketcap.com/currencies/ethereum-pow/')","('ETHW', None)","('$143,071,341.96', None)","('$1.3270', None)","('107,818,999 ETHW *', None)","('$3,856,402.04', 'https://coinmarketcap.com/currencies/ethereum-pow/#markets/')","('0.01%', None)","('-2.91%', None)","('-4.90%', None)","('', None)"
"('156', None)","('Ontology', 'https://coinmarketcap.com/currencies/ontology/')","('ONT', None)","('$142,619,354.22', None)","('$0.1629', None)","('875,249,524 ONT *', None)","('$4,998,608.02', 'https://coinmarketcap.com/currencies/ontology/#markets/')","('0.24%', None)","('-0.52%', None)","('-0.19%', None)","('', None)"
"('157', None)","('ssv.network', 'https://coinmarketcap.com/currencies/ssv-network/')","('SSV', None)","('$142,196,532.56', None)","('$14.22', None)","('10,000,000 SSV', None)","('$4,338,715.71', 'https://coinmarketcap.com/currencies/ssv-network/#markets/')","('0.28%', None)","('0.20%', None)","('-2.81%', None)","('', None)"
"('158', None)","('Moonbeam', 'https://coinmarketcap.com/currencies/moonbeam/')","('GLMR', None)","('$139,493,172.17', None)","('$0.195', None)","('715,412,253 GLMR *', None)","('$1,301,095.90', 'https://coinmarketcap.com/currencies/moonbeam/#markets/')","('-0.28%', None)","('0.38%', None)","('-3.07%', None)","('', None)"
"('159', None)","('IOST', 'https://coinmarketcap.com/currencies/iostoken/')","('IOST', None)","('$137,136,497.78', None)","('$0.00733', None)","('18,708,894,189 IOST *', None)","('$5,983,416.47', 'https://coinmarketcap.com/currencies/iostoken/#markets/')","('0.19%', None)","('1.52%', None)","('1.58%', None)","('', None)"
"('160', None)","('Band Protocol', 'https://coinmarketcap.com/currencies/band-protocol/')","('BAND', None)","('$137,400,379.15', None)","('$1.0306', None)","('133,318,127 BAND *', None)","('$4,171,444.95', 'https://coinmarketcap.com/currencies/band-protocol/#markets/')","('0.41%', None)","('0.97%', None)","('1.99%', None)","('', None)"
"('161', None)","('Biconomy', 'https://coinmarketcap.com/currencies/biconomy/')","('BICO', None)","('$136,916,378.80', None)","('$0.2116', None)","('647,110,632 BICO *', None)","('$1,792,345.42', 'https://coinmarketcap.com/currencies/biconomy/#markets/')","('0.77%', None)","('0.93%', None)","('-0.74%', None)","('', None)"
"('162', None)","('Harmony', 'https://coinmarketcap.com/currencies/harmony/')","('ONE', None)","('$136,032,462.42', None)","('$0.0101', None)","('13,471,510,624 ONE *', None)","('$6,617,847.60', 'https://coinmarketcap.com/currencies/harmony/#markets/')","('0.16%', None)","('0.30%', None)","('3.38%', None)","('', None)"
"('163', None)","('WAX', 'https://coinmarketcap.com/currencies/wax/')","('WAXP', None)","('$136,209,901.34', None)","('$0.04074', None)","('3,343,754,024 WAXP *', None)","('$1,934,672.45', 'https://coinmarketcap.com/currencies/wax/#markets/')","('0.15%', None)","('0.05%', None)","('0.52%', None)","('', None)"
"('164', None)","('SushiSwap', 'https://coinmarketcap.com/currencies/sushiswap/')","('SUSHI', None)","('$134,943,891.95', None)","('$0.5842', None)","('231,003,522 SUSHI *', None)","('$15,341,137.26', 'https://coinmarketcap.com/currencies/sushiswap/#markets/')","('0.48%', None)","('1.80%', None)","('0.96%', None)","('', None)"
"('165', None)","('Axelar', 'https://coinmarketcap.com/currencies/axelar/')","('AXL', None)","('$131,589,746.46', None)","('$0.3518', None)","('374,004,719 AXL *', None)","('$16,779,805.92', 'https://coinmarketcap.com/currencies/axelar/#markets/')","('0.26%', None)","('-0.50%', None)","('-6.07%', None)","('', None)"
"('166', None)","('IoTeX', 'https://coinmarketcap.com/currencies/iotex/')","('IOTX', None)","('$129,646,454.31', None)","('$0.01373', None)","('9,444,989,892 IOTX *', None)","('$3,448,326.63', 'https://coinmarketcap.com/currencies/iotex/#markets/')","('0.30%', None)","('-0.90%', None)","('-4.03%', None)","('', None)"
"('167', None)","('MAGIC', 'https://coinmarketcap.com/currencies/magic-token/')","('MAGIC', None)","('$127,036,769.83', None)","('$0.5703', None)","('222,744,820 MAGIC *', None)","('$21,525,932.09', 'https://coinmarketcap.com/currencies/magic-token/#markets/')","('0.22%', None)","('-2.19%', None)","('-5.34%', None)","('', None)"
"('168', None)","('Merit Circle', 'https://coinmarketcap.com/currencies/merit-circle/')","('MC', None)","('$125,100,518.60', None)","('$0.2942', None)","('425,228,837 MC *', None)","('$6,498,874.03', 'https://coinmarketcap.com/currencies/merit-circle/#markets/')","('-0.02%', None)","('-3.00%', None)","('-4.70%', None)","('', None)"
"('169', None)","('TerraClassicUSD', 'https://coinmarketcap.com/currencies/terrausd/')","('USTC', None)","('$122,466,503.22', None)","('$0.01251', None)","('9,789,430,796 USTC *', None)","('$3,570,494.55', 'https://coinmarketcap.com/currencies/terrausd/#markets/')","('0.40%', None)","('-0.51%', None)","('3.44%', None)","('', None)"
"('170', None)","('Kadena', 'https://coinmarketcap.com/currencies/kadena/')","('KDA', None)","('$122,625,935.14', None)","('$0.5041', None)","('243,250,679 KDA', None)","('$12,043,500.87', 'https://coinmarketcap.com/currencies/kadena/#markets/')","('1.96%', None)","('11.61%', None)","('12.59%', None)","('', None)"
"('171', None)","('UniBot', 'https://coinmarketcap.com/currencies/unibot-eth/')","('UNIBOT', None)","('$119,139,451.35', None)","('$119.14', None)","('1,000,000 UNIBOT *', None)","('$13,371,929.55', 'https://coinmarketcap.com/currencies/unibot-eth/#markets/')","('1.16%', None)","('3.41%', None)","('-24.76%', None)","('', None)"
"('172', None)","('BORA', 'https://coinmarketcap.com/currencies/bora/')","('BORA', None)","('$116,876,111.22', None)","('$0.1176', None)","('993,750,000 BORA *', None)","('$1,078,056.71', 'https://coinmarketcap.com/currencies/bora/#markets/')","('-0.20%', None)","('-0.97%', None)","('-2.46%', None)","('', None)"
"('173', None)","('Nervos Network', 'https://coinmarketcap.com/currencies/nervos-network/')","('CKB', None)","('$114,178,600.51', None)","('$0.002721', None)","('41,962,922,918 CKB', None)","('$1,195,930.34', 'https://coinmarketcap.com/currencies/nervos-network/#markets/')","('0.03%', None)","('-1.19%', None)","('-1.75%', None)","('', None)"
"('174', None)","('DigiByte', 'https://coinmarketcap.com/currencies/digibyte/')","('DGB', None)","('$112,051,075.54', None)","('$0.006809', None)","('16,457,123,721 DGB', None)","('$2,133,416.20', 'https://coinmarketcap.com/currencies/digibyte/#markets/')","('0.01%', None)","('1.59%', None)","('-0.58%', None)","('', None)"
"('175', None)","('Stargate Finance', 'https://coinmarketcap.com/currencies/stargate-finance/')","('STG', None)","('$111,284,549.85', None)","('$0.5446', None)","('204,338,417 STG *', None)","('$9,372,284.74', 'https://coinmarketcap.com/currencies/stargate-finance/#markets/')","('0.08%', None)","('-0.48%', None)","('0.31%', None)","('', None)"
"('176', None)","('DAO Maker', 'https://coinmarketcap.com/currencies/dao-maker/')","('DAO', None)","('$109,097,574.63', None)","('$0.7579', None)","('143,942,531 DAO *', None)","('$2,050,386.87', 'https://coinmarketcap.com/currencies/dao-maker/#markets/')","('0.33%', None)","('-1.40%', None)","('-3.58%', None)","('', None)"
"('177', None)","('MobileCoin', 'https://coinmarketcap.com/currencies/mobilecoin/')","('MOB', None)","('$106,878,901.86', None)","('$0.5473', None)","('195,286,109 MOB *', None)","('$855,033.54', 'https://coinmarketcap.com/currencies/mobilecoin/#markets/')","('-0.43%', None)","('-2.00%', None)","('-1.28%', None)","('', None)"
"('178', None)","('Ribbon Finance', 'https://coinmarketcap.com/currencies/ribbon-finance/')","('RBN', None)","('$104,229,874.78', None)","('$0.1941', None)","('537,049,175 RBN *', None)","('$435,345.29', 'https://coinmarketcap.com/currencies/ribbon-finance/#markets/')","('-0.09%', None)","('-7.00%', None)","('-16.03%', None)","('', None)"
"('179', None)","('Core', 'https://coinmarketcap.com/currencies/core-dao/')","('CORE', None)","('$103,622,716.90', None)","('$0.6673', None)","('155,286,272 CORE', None)","('$4,883,820.52', 'https://coinmarketcap.com/currencies/core-dao/#markets/')","('0.21%', None)","('-5.12%', None)","('-9.10%', None)","('', None)"
"('180', None)","('SKALE', 'https://coinmarketcap.com/currencies/skale-network/')","('SKL', None)","('$103,487,619.04', None)","('$0.02214', None)","('4,673,852,671 SKL *', None)","('$5,535,973.77', 'https://coinmarketcap.com/currencies/skale-network/#markets/')","('0.36%', None)","('2.65%', None)","('1.22%', None)","('', None)"
"('181', None)","('Flux', 'https://coinmarketcap.com/currencies/zel/')","('FLUX', None)","('$102,255,066.05', None)","('$0.3227', None)","('316,888,369 FLUX', None)","('$12,542,901.39', 'https://coinmarketcap.com/currencies/zel/#markets/')","('-0.05%', None)","('5.15%', None)","('-0.12%', None)","('', None)"
"('182', None)","('UMA', 'https://coinmarketcap.com/currencies/uma/')","('UMA', None)","('$100,999,215.75', None)","('$1.3730', None)","('73,560,634 UMA *', None)","('$4,397,352.64', 'https://coinmarketcap.com/currencies/uma/#markets/')","('0.07%', None)","('-0.24%', None)","('-3.03%', None)","('', None)"
"('183', None)","('Horizen', 'https://coinmarketcap.com/currencies/horizen/')","('ZEN', None)","('$100,103,068.04', None)","('$7.1240', None)","('14,051,619 ZEN', None)","('$4,518,427.98', 'https://coinmarketcap.com/currencies/horizen/#markets/')","('0.03%', None)","('-0.20%', None)","('-1.50%', None)","('', None)"
"('184', None)","('Galxe', 'https://coinmarketcap.com/currencies/galxe/')","('GAL', None)","('$97,438,508.25', None)","('$1.1478', None)","('84,890,333 GAL *', None)","('$11,389,253.20', 'https://coinmarketcap.com/currencies/galxe/#markets/')","('-0.07%', None)","('1.41%', None)","('2.04%', None)","('', None)"
"('185', None)","('Reserve Rights', 'https://coinmarketcap.com/currencies/reserve-rights/')","('RSR', None)","('$96,087,678.25', None)","('$0.001899', None)","('50,600,000,000 RSR *', None)","('$2,934,968.45', 'https://coinmarketcap.com/currencies/reserve-rights/#markets/')","('0.38%', None)","('1.86%', None)","('8.62%', None)","('', None)"
"('186', None)","('TomoChain', 'https://coinmarketcap.com/currencies/tomochain/')","('TOMO', None)","('$98,470,191.43', None)","('$1.0169', None)","('96,830,754 TOMO *', None)","('$52,610,535.22', 'https://coinmarketcap.com/currencies/tomochain/#markets/')","('0.40%', None)","('-9.22%', None)","('-31.18%', None)","('', None)"
"('187', None)","('Everscale', 'https://coinmarketcap.com/currencies/everscale/')","('EVER', None)","('$94,519,051.53', None)","('$0.05244', None)","('1,802,521,252 EVER *', None)","('$2,537,487.22', 'https://coinmarketcap.com/currencies/everscale/#markets/')","('-0.02%', None)","('-4.90%', None)","('-1.84%', None)","('', None)"
"('188', None)","('STP', 'https://coinmarketcap.com/currencies/standard-tokenization-protocol/')","('STPT', None)","('$87,870,432.95', None)","('$0.04524', None)","('1,942,420,283 STPT *', None)","('$4,474,869.51', 'https://coinmarketcap.com/currencies/standard-tokenization-protocol/#markets/')","('0.24%', None)","('-3.53%', None)","('12.30%', None)","('', None)"
"('189', None)","('Lisk', 'https://coinmarketcap.com/currencies/lisk/')","('LSK', None)","('$92,740,883.38', None)","('$0.7195', None)","('128,900,445 LSK *', None)","('$1,294,868.67', 'https://coinmarketcap.com/currencies/lisk/#markets/')","('0.42%', None)","('-0.14%', None)","('2.06%', None)","('', None)"
"('190', None)","('Nano', 'https://coinmarketcap.com/currencies/nano/')","('XNO', None)","('$92,571,025.39', None)","('$0.6947', None)","('133,248,297 XNO *', None)","('$25,218,288.55', 'https://coinmarketcap.com/currencies/nano/#markets/')","('0.88%', None)","('21.07%', None)","('18.48%', None)","('', None)"
"('191', None)","('Storj', 'https://coinmarketcap.com/currencies/storj/')","('STORJ', None)","('$92,287,703.18', None)","('$0.2391', None)","('386,005,311 STORJ *', None)","('$5,077,816.49', 'https://coinmarketcap.com/currencies/storj/#markets/')","('0.39%', None)","('0.05%', None)","('3.53%', None)","('', None)"
"('192', None)","('Alchemy Pay', 'https://coinmarketcap.com/currencies/alchemy-pay/')","('ACH', None)","('$91,712,920.91', None)","('$0.01379', None)","('6,651,042,038 ACH', None)","('$4,724,978.35', 'https://coinmarketcap.com/currencies/alchemy-pay/#markets/')","('0.91%', None)","('2.31%', None)","('-4.05%', None)","('', None)"
"('193', None)","('Kyber Network Crystal v2', 'https://coinmarketcap.com/currencies/kyber-network-crystal-v2/')","('KNC', None)","('$91,355,332.57', None)","('$0.5359', None)","('170,466,085 KNC *', None)","('$11,055,350.26', 'https://coinmarketcap.com/currencies/kyber-network-crystal-v2/#markets/')","('-0.08%', None)","('-0.82%', None)","('-0.78%', None)","('', None)"
"('194', None)","('Cartesi', 'https://coinmarketcap.com/currencies/cartesi/')","('CTSI', None)","('$90,971,104.84', None)","('$0.1225', None)","('742,552,410 CTSI *', None)","('$2,935,206.20', 'https://coinmarketcap.com/currencies/cartesi/#markets/')","('0.15%', None)","('1.98%', None)","('2.26%', None)","('', None)"
"('195', None)","('Celer Network', 'https://coinmarketcap.com/currencies/celer-network/')","('CELR', None)","('$89,407,039.42', None)","('$0.01155', None)","('7,743,424,107 CELR *', None)","('$2,096,473.84', 'https://coinmarketcap.com/currencies/celer-network/#markets/')","('0.19%', None)","('0.87%', None)","('-1.01%', None)","('', None)"
"('196', None)","('PlayDapp', 'https://coinmarketcap.com/currencies/playdapp/')","('PLA', None)","('$86,940,366.42', None)","('$0.1552', None)","('560,128,667 PLA *', None)","('$5,954,212.50', 'https://coinmarketcap.com/currencies/playdapp/#markets/')","('0.20%', None)","('-2.07%', None)","('-9.75%', None)","('', None)"
"('197', None)","('Pundi X (New)', 'https://coinmarketcap.com/currencies/pundix-new/')","('PUNDIX', None)","('$86,996,042.68', None)","('$0.3366', None)","('258,491,637 PUNDIX', None)","('$1,388,172.99', 'https://coinmarketcap.com/currencies/pundix-new/#markets/')","('0.17%', None)","('0.56%', None)","('1.78%', None)","('', None)"
"('198', None)","('Vulcan Forged PYR', 'https://coinmarketcap.com/currencies/vulcan-forged-pyr/')","('PYR', None)","('$86,861,435.87', None)","('$3.1955', None)","('27,182,227 PYR *', None)","('$2,124,704.13', 'https://coinmarketcap.com/currencies/vulcan-forged-pyr/#markets/')","('-0.01%', None)","('0.76%', None)","('-0.44%', None)","('', None)"
"('199', None)","('Status', 'https://coinmarketcap.com/currencies/status/')","('SNT', None)","('$83,853,059.08', None)","('$0.02173', None)","('3,859,423,502 SNT *', None)","('$1,634,389.39', 'https://coinmarketcap.com/currencies/status/#markets/')","('<0.01%', None)","('-0.63%', None)","('2.37%', None)","('', None)"
"('200', None)","('Amp', 'https://coinmarketcap.com/currencies/amp/')","('AMP', None)","('$82,508,280.50', None)","('$0.001954', None)","('42,227,702,186 AMP *', None)","('$3,079,303.02', 'https://coinmarketcap.com/currencies/amp/#markets/')","('0.09%', None)","('-1.07%', None)","('-9.22%', None)","('', None)"
