Name,Source GitHub,Tags
"('Bitcoin', 'https://coinmarketcap.com/currencies/bitcoin/')",https://github.com/bitcoin/bitcoin,"['mineable', 'pow', 'sha-256', 'store-of-value', 'state-channel', 'coinbase-ventures-portfolio', 'three-arrows-capital-portfolio', 'polychain-capital-portfolio', 'binance-labs-portfolio', 'blockchain-capital-portfolio', 'boostvc-portfolio', 'cms-holdings-portfolio', 'dcg-portfolio', 'dragonfly-capital-portfolio', 'electric-capital-portfolio', 'fabric-ventures-portfolio', 'framework-ventures-portfolio', 'galaxy-digital-portfolio', 'huobi-capital-portfolio', 'alameda-research-portfolio', 'a16z-portfolio', '1confirmation-portfolio', 'winklevoss-capital-portfolio', 'usv-portfolio', 'placeholder-ventures-portfolio', 'pantera-capital-portfolio', 'multicoin-capital-portfolio', 'paradigm-portfolio', 'bitcoin-ecosystem']"
"('Ethereum', 'https://coinmarketcap.com/currencies/ethereum/')",https://github.com/ethereum/go-ethereum,"['pos', 'smart-contracts', 'ethereum-ecosystem', 'coinbase-ventures-portfolio', 'three-arrows-capital-portfolio', 'polychain-capital-portfolio', 'binance-labs-portfolio', 'blockchain-capital-portfolio', 'boostvc-portfolio', 'cms-holdings-portfolio', 'dcg-portfolio', 'dragonfly-capital-portfolio', 'electric-capital-portfolio', 'fabric-ventures-portfolio', 'framework-ventures-portfolio', 'hashkey-capital-portfolio', 'kenetic-capital-portfolio', 'huobi-capital-portfolio', 'alameda-research-portfolio', 'a16z-portfolio', '1confirmation-portfolio', 'winklevoss-capital-portfolio', 'usv-portfolio', 'placeholder-ventures-portfolio', 'pantera-capital-portfolio', 'multicoin-capital-portfolio', 'paradigm-portfolio', 'injective-ecosystem', 'layer-1']"
"('Tether USDt', 'https://coinmarketcap.com/currencies/tether/')",,"['payments', 'stablecoin', 'asset-backed-stablecoin', 'avalanche-ecosystem', 'solana-ecosystem', 'arbitrum-ecosytem', 'moonriver-ecosystem', 'injective-ecosystem', 'bnb-chain', 'usd-stablecoin', 'optimism-ecosystem']"
"('BNB', 'https://coinmarketcap.com/currencies/bnb/')",https://github.com/bnb-chain,"['marketplace', 'centralized-exchange', 'payments', 'smart-contracts', 'alameda-research-portfolio', 'multicoin-capital-portfolio', 'bnb-chain', 'layer-1', 'sec-security-token', 'alleged-sec-securities', 'celsius-bankruptcy-estate']"
"('XRP', 'https://coinmarketcap.com/currencies/xrp/')",https://github.com/ripple/rippled,"['medium-of-exchange', 'enterprise-solutions', 'arrington-xrp-capital-portfolio', 'galaxy-digital-portfolio', 'a16z-portfolio', 'pantera-capital-portfolio']"
"('USD Coin', 'https://coinmarketcap.com/currencies/usd-coin/')",https://github.com/centrehq/centre-tokens,"['medium-of-exchange', 'stablecoin', 'asset-backed-stablecoin', 'hedera-hashgraph-ecosystem', 'fantom-ecosystem', 'arbitrum-ecosytem', 'moonriver-ecosystem', 'bnb-chain', 'usd-stablecoin', 'optimism-ecosystem']"
"('Cardano', 'https://coinmarketcap.com/currencies/cardano/')",https://cardanoupdates.com/,"['dpos', 'pos', 'platform', 'research', 'smart-contracts', 'staking', 'cardano-ecosystem', 'cardano', 'layer-1', 'sec-security-token', 'alleged-sec-securities']"
"('Dogecoin', 'https://coinmarketcap.com/currencies/dogecoin/')",https://github.com/dogecoin/dogecoin,"['mineable', 'pow', 'scrypt', 'medium-of-exchange', 'memes', 'payments', 'doggone-doggerel', 'bnb-chain']"
"('Solana', 'https://coinmarketcap.com/currencies/solana/')",https://github.com/solana-labs,"['pos', 'platform', 'solana-ecosystem', 'cms-holdings-portfolio', 'kenetic-capital-portfolio', 'alameda-research-portfolio', 'multicoin-capital-portfolio', 'okex-blockdream-ventures-portfolio', 'layer-1', 'ftx-bankruptcy-estate', 'sec-security-token', 'alleged-sec-securities']"
"('TRON', 'https://coinmarketcap.com/currencies/tron/')",https://github.com/tronprotocol/java-tron,"['media', 'payments', 'tron-ecosystem', 'dwf-labs-portfolio', 'sec-security-token', 'alleged-sec-securities']"
"('Polkadot', 'https://coinmarketcap.com/currencies/polkadot-new/')",https://github.com/paritytech/polkadot,"['substrate', 'polkadot', 'binance-chain', 'polkadot-ecosystem', 'three-arrows-capital-portfolio', 'polychain-capital-portfolio', 'arrington-xrp-capital-portfolio', 'blockchain-capital-portfolio', 'boostvc-portfolio', 'cms-holdings-portfolio', 'coinfund-portfolio', 'fabric-ventures-portfolio', 'fenbushi-capital-portfolio', 'hashkey-capital-portfolio', 'kenetic-capital-portfolio', '1confirmation-portfolio', 'placeholder-ventures-portfolio', 'pantera-capital-portfolio', 'exnetwork-capital-portfolio', 'web3', 'spartan-group', 'injective-ecosystem', 'bnb-chain', 'layer-1']"
"('Dai', 'https://coinmarketcap.com/currencies/multi-collateral-dai/')",,"['defi', 'stablecoin', 'asset-backed-stablecoin', 'ethereum-ecosystem', 'avalanche-ecosystem', 'polygon-ecosystem', 'fantom-ecosystem', 'arbitrum-ecosytem', 'harmony-ecosystem', 'moonriver-ecosystem', 'bnb-chain', 'usd-stablecoin', 'optimism-ecosystem']"
"('Polygon', 'https://coinmarketcap.com/currencies/polygon/')",https://github.com/maticnetwork/contracts,"['pos', 'platform', 'enterprise-solutions', 'zero-knowledge-proofs', 'scaling', 'state-channel', 'coinbase-ventures-portfolio', 'layer-2', 'binance-launchpad', 'binance-labs-portfolio', 'polygon-ecosystem', 'moonriver-ecosystem', 'injective-ecosystem', 'sec-security-token', 'alleged-sec-securities']"
"('Toncoin', 'https://coinmarketcap.com/currencies/toncoin/')",https://github.com/ton-blockchain,"['pos', 'dwf-labs-portfolio', 'toncoin-ecosystem']"
"('Litecoin', 'https://coinmarketcap.com/currencies/litecoin/')",https://github.com/litecoin-project/litecoin,"['mineable', 'pow', 'scrypt', 'medium-of-exchange']"
"('Shiba Inu', 'https://coinmarketcap.com/currencies/shiba-inu/')",,"['memes', 'ethereum-ecosystem', 'doggone-doggerel']"
"('Wrapped Bitcoin', 'https://coinmarketcap.com/currencies/wrapped-bitcoin/')",https://github.com/WrappedBTC/bitcoin-token-smart-contracts,"['medium-of-exchange', 'defi', 'wrapped-tokens', 'fantom-ecosystem', 'arbitrum-ecosytem', 'moonriver-ecosystem', 'optimism-ecosystem', 'bitcoin-ecosystem']"
"('Bitcoin Cash', 'https://coinmarketcap.com/currencies/bitcoin-cash/')",https://gitlab.com/bitcoin-cash-node/,"['mineable', 'pow', 'sha-256', 'marketplace', 'medium-of-exchange', 'store-of-value', 'enterprise-solutions', 'payments', 'bitcoin-ecosystem', 'layer-1']"
"('UNUS SED LEO', 'https://coinmarketcap.com/currencies/unus-sed-leo/')",,"['marketplace', 'centralized-exchange', 'discount-token', 'payments', 'kenetic-capital-portfolio', 'alameda-research-portfolio']"
"('Avalanche', 'https://coinmarketcap.com/currencies/avalanche/')",https://github.com/ava-labs/avalanchego,"['defi', 'smart-contracts', 'three-arrows-capital-portfolio', 'polychain-capital-portfolio', 'avalanche-ecosystem', 'cms-holdings-portfolio', 'dragonfly-capital-portfolio', 'moonriver-ecosystem', 'injective-ecosystem', 'layer-1']"
"('Stellar', 'https://coinmarketcap.com/currencies/stellar/')",https://github.com/stellar/stellar-core,"['medium-of-exchange', 'enterprise-solutions', 'decentralized-exchange-dex-token', 'smart-contracts', 'hashkey-capital-portfolio']"
"('Chainlink', 'https://coinmarketcap.com/currencies/chainlink/')",https://github.com/smartcontractkit/chainlink,"['platform', 'defi', 'oracles', 'smart-contracts', 'substrate', 'polkadot', 'polkadot-ecosystem', 'avalanche-ecosystem', 'solana-ecosystem', 'framework-ventures-portfolio', 'polygon-ecosystem', 'fantom-ecosystem', 'cardano-ecosystem', 'web3', 'near-protocol-ecosystem', 'arbitrum-ecosytem', 'cardano', 'injective-ecosystem', 'optimism-ecosystem', 'real-world-assets', 'celsius-bankruptcy-estate']"
"('Binance USD', 'https://coinmarketcap.com/currencies/binance-usd/')",https://github.com/paxosglobal/busd-contract,"['stablecoin', 'asset-backed-stablecoin', 'binance-chain', 'harmony-ecosystem', 'moonriver-ecosystem', 'usd-stablecoin', 'optimism-ecosystem', 'alleged-sec-securities', 'linea-ecosystem']"
"('TrueUSD', 'https://coinmarketcap.com/currencies/trueusd/')",https://github.com/trusttoken/smart-contracts,"['store-of-value', 'stablecoin', 'asset-backed-stablecoin', 'avalanche-ecosystem', 'arbitrum-ecosytem', 'bnb-chain', 'usd-stablecoin']"
"('Uniswap', 'https://coinmarketcap.com/currencies/uniswap/')",,"['decentralized-exchange-dex-token', 'defi', 'dao', 'yield-farming', 'amm', 'coinbase-ventures-portfolio', 'three-arrows-capital-portfolio', 'governance', 'blockchain-capital-portfolio', 'defiance-capital-portfolio', 'alameda-research-portfolio', 'a16z-portfolio', 'pantera-capital-portfolio', 'parafi-capital', 'paradigm-portfolio', 'arbitrum-ecosytem', 'injective-ecosystem', 'optimism-ecosystem']"
"('Monero', 'https://coinmarketcap.com/currencies/monero/')",https://github.com/monero-project/monero,"['mineable', 'pow', 'medium-of-exchange', 'privacy', 'ringct', 'boostvc-portfolio', 'electric-capital-portfolio', 'galaxy-digital-portfolio']"
"('OKB', 'https://coinmarketcap.com/currencies/okb/')",,"['marketplace', 'centralized-exchange', 'discount-token', 'alameda-research-portfolio']"
"('Cosmos', 'https://coinmarketcap.com/currencies/cosmos/')",https://github.com/cosmos,"['platform', 'cosmos-ecosystem', 'content-creation', 'interoperability', 'polychain-capital-portfolio', 'dragonfly-capital-portfolio', 'hashkey-capital-portfolio', '1confirmation-portfolio', 'paradigm-portfolio', 'exnetwork-capital-portfolio', 'injective-ecosystem', 'sec-security-token', 'alleged-sec-securities']"
"('Ethereum Classic', 'https://coinmarketcap.com/currencies/ethereum-classic/')",https://github.com/ethereumclassic/ethereumclassic.github.io,"['mineable', 'pow', 'ethash', 'platform', 'smart-contracts', 'dcg-portfolio']"
"('Hedera', 'https://coinmarketcap.com/currencies/hedera/')",https://github.com/hashgraph,"['dag', 'marketplace', 'enterprise-solutions', 'payments', 'dcg-portfolio', 'hedera-hashgraph-ecosystem', 'layer-1']"
"('Internet Computer', 'https://coinmarketcap.com/currencies/internet-computer/')",https://github.com/dfinity/ic,"['platform', 'distributed-computing', 'collectibles-nfts', 'defi', 'interoperability', 'smart-contracts', 'dao', 'wallet', 'storage', 'polychain-capital-portfolio', 'launchpad', 'lending-borowing', 'metaverse', 'electric-capital-portfolio', 'fenbushi-capital-portfolio', 'hashkey-capital-portfolio', 'a16z-portfolio', 'multicoin-capital-portfolio', 'exnetwork-capital-portfolio', 'web3', 'internet-computer-ecosystem', 'bitcoin-ecosystem', 'sec-security-token', 'alleged-sec-securities']"
"('Filecoin', 'https://coinmarketcap.com/currencies/filecoin/')",https://github.com/filecoin-project/,"['mineable', 'distributed-computing', 'filesharing', 'storage', 'polychain-capital-portfolio', 'blockchain-capital-portfolio', 'boostvc-portfolio', 'dcg-portfolio', 'hashkey-capital-portfolio', 'a16z-portfolio', 'winklevoss-capital-portfolio', 'pantera-capital-portfolio', 'web3', 'filecoin-ecosystem', 'sec-security-token', 'alleged-sec-securities']"
"('Mantle', 'https://coinmarketcap.com/currencies/mantle/')",https://github.com/mantlenetworkio,"['ethereum-ecosystem', 'layer-2', 'dwf-labs-portfolio']"
"('Lido DAO', 'https://coinmarketcap.com/currencies/lido-dao/')",https://github.com/lidofinance,"['defi', 'dao', 'three-arrows-capital-portfolio', 'paradigm-portfolio', 'arbitrum-ecosytem', 'liquid-staking-derivatives', 'optimism-ecosystem']"
"('Cronos', 'https://coinmarketcap.com/currencies/cronos/')",https://github.com/crypto-org-chain/chain-main,"['medium-of-exchange', 'cosmos-ecosystem', 'centralized-exchange', 'mobile', 'payments', 'injective-ecosystem']"
"('Aptos', 'https://coinmarketcap.com/currencies/aptos/')",,"['binance-labs-portfolio', 'aptos-ecosystem', 'circle-ventures-portfolio', 'layer-1']"
"('Quant', 'https://coinmarketcap.com/currencies/quant/')",https://github.com/quantnetwork/,"['platform', 'interoperability']"
"('Arbitrum', 'https://coinmarketcap.com/currencies/arbitrum/')",,"['scaling', 'dao', 'dapp', 'ethereum-ecosystem', 'polychain-capital-portfolio', 'layer-2', 'rollups', 'pantera-capital-portfolio', 'arbitrum-ecosytem']"
"('VeChain', 'https://coinmarketcap.com/currencies/vechain/')",https://github.com/vechain,"['logistics', 'data-provenance', 'iot', 'smart-contracts', 'fenbushi-capital-portfolio']"
"('NEAR Protocol', 'https://coinmarketcap.com/currencies/near-protocol/')",https://github.com/nearprotocol/nearcore,"['platform', 'staking', 'coinbase-ventures-portfolio', 'three-arrows-capital-portfolio', 'arrington-xrp-capital-portfolio', 'coinfund-portfolio', 'electric-capital-portfolio', 'fabric-ventures-portfolio', 'kenetic-capital-portfolio', 'near-protocol-ecosystem', 'injective-ecosystem', 'circle-ventures-portfolio', 'sec-security-token', 'alleged-sec-securities']"
"('Optimism', 'https://coinmarketcap.com/currencies/optimism-ethereum/')",https://github.com/ethereum-optimism/,"['layer-2', 'optimism-ecosystem']"
"('Maker', 'https://coinmarketcap.com/currencies/maker/')",https://github.com/makerdao,"['store-of-value', 'defi', 'dao', 'polychain-capital-portfolio', 'governance', 'lending-borowing', 'dragonfly-capital-portfolio', 'electric-capital-portfolio', 'a16z-portfolio', '1confirmation-portfolio', 'placeholder-ventures-portfolio', 'pantera-capital-portfolio', 'paradigm-portfolio', 'near-protocol-ecosystem', 'arbitrum-ecosytem', 'spartan-group', 'bnb-chain', 'real-world-assets']"
"('Aave', 'https://coinmarketcap.com/currencies/aave/')",https://github.com/aave,"['defi', 'dao', 'yield-farming', 'three-arrows-capital-portfolio', 'governance', 'lending-borowing', 'blockchain-capital-portfolio', 'defiance-capital-portfolio', 'framework-ventures-portfolio', 'alameda-research-portfolio', 'pantera-capital-portfolio', 'parafi-capital', 'polygon-ecosystem', 'fantom-ecosystem', 'optimism-ecosystem']"
"('The Graph', 'https://coinmarketcap.com/currencies/the-graph/')",https://github.com/graphprotocol,"['ai-big-data', 'enterprise-solutions', 'defi', 'coinbase-ventures-portfolio', 'solana-ecosystem', 'analytics', 'coinfund-portfolio', 'dcg-portfolio', 'fabric-ventures-portfolio', 'framework-ventures-portfolio', 'ledgerprime-portfolio', 'multicoin-capital-portfolio', 'parafi-capital', 'polygon-ecosystem', 'fantom-ecosystem', 'web3', 'near-protocol-ecosystem', 'arbitrum-ecosytem', 'spartan-group', 'injective-ecosystem']"
"('Algorand', 'https://coinmarketcap.com/currencies/algorand/')",https://github.com/algorand/go-algorand,"['pos', 'platform', 'research', 'smart-contracts', 'arrington-xrp-capital-portfolio', 'kenetic-capital-portfolio', 'usv-portfolio', 'multicoin-capital-portfolio', 'exnetwork-capital-portfolio', 'layer-1', 'dwf-labs-portfolio', 'sec-security-token', 'alleged-sec-securities']"
"('XDC Network', 'https://coinmarketcap.com/currencies/xdc-network/')",https://github.com/xinfinorg,"['enterprise-solutions', 'smart-contracts', 'xdc-ecosystem', 'layer-1']"
"('USDD', 'https://coinmarketcap.com/currencies/usdd/')",https://tronscan.org/#/contract/TPYmHEhy5n8TCEfYGqW2rPxsghSfzghPDn/code,"['stablecoin', 'algorithmic-stablecoin', 'arbitrum-ecosytem', 'usd-stablecoin']"
"('Axie Infinity', 'https://coinmarketcap.com/currencies/axie-infinity/')",,"['collectibles-nfts', 'gaming', 'binance-launchpad', 'metaverse', 'defiance-capital-portfolio', 'play-to-earn', 'animoca-brands-portfolio', 'sec-security-token', 'alleged-sec-securities']"
"('The Sandbox', 'https://coinmarketcap.com/currencies/the-sandbox/')",,"['collectibles-nfts', 'content-creation', 'gaming', 'ethereum-ecosystem', 'binance-launchpad', 'metaverse', 'play-to-earn', 'animoca-brands-portfolio', 'sec-security-token', 'alleged-sec-securities']"
"('Tezos', 'https://coinmarketcap.com/currencies/tezos/')",https://gitlab.com/tezos/tezos,"['pos', 'platform', 'enterprise-solutions', 'collectibles-nfts', 'defi', 'smart-contracts', 'polychain-capital-portfolio', 'boostvc-portfolio', 'winklevoss-capital-portfolio', 'layer-1']"
"('Stacks', 'https://coinmarketcap.com/currencies/stacks/')",https://github.com/stacks-network,"['mineable', 'platform', 'collectibles-nfts', 'defi', 'smart-contracts', 'metaverse', 'arrington-xrp-capital-portfolio', 'blockchain-capital-portfolio', 'dcg-portfolio', 'fabric-ventures-portfolio', 'hashkey-capital-portfolio', 'huobi-capital-portfolio', 'usv-portfolio', 'web3', 'injective-ecosystem', 'bitcoin-ecosystem']"
"('MultiversX', 'https://coinmarketcap.com/currencies/multiversx-egld/')",https://github.com/multiversx,"['binance-launchpad', 'binance-labs-portfolio', 'electric-capital-portfolio', 'exnetwork-capital-portfolio', 'elrond-ecosystem', 'injective-ecosystem', 'bnb-chain', 'layer-1', 'dwf-labs-portfolio']"
"('EOS', 'https://coinmarketcap.com/currencies/eos/')",https://github.com/AntelopeIO/leap,"['medium-of-exchange', 'enterprise-solutions', 'smart-contracts', 'eos', 'fenbushi-capital-portfolio', 'galaxy-digital-portfolio', 'dwf-labs-portfolio']"
"('Theta Network', 'https://coinmarketcap.com/currencies/theta-network/')",https://github.com/thetatoken,"['media', 'collectibles-nfts', 'content-creation', 'defi', 'video', 'metaverse', 'huobi-capital-portfolio', 'web3']"
"('Immutable', 'https://coinmarketcap.com/currencies/immutable-x/')",,"['collectibles-nfts', 'zero-knowledge-proofs', 'gaming', 'scaling', 'layer-2', 'rollups', 'arrington-xrp-capital-portfolio', 'alameda-research-portfolio']"
"('Injective', 'https://coinmarketcap.com/currencies/injective/')",https://github.com/InjectiveLabs,"['pos', 'platform', 'cosmos-ecosystem', 'ai-big-data', 'defi', 'smart-contracts', 'cosmos', 'binance-smart-chain', 'binance-launchpad', 'binance-labs-portfolio', 'cms-holdings-portfolio', 'pantera-capital-portfolio', 'web3']"
"('Fantom', 'https://coinmarketcap.com/currencies/fantom/')",https://github.com/Fantom-Foundation,"['platform', 'enterprise-solutions', 'defi', 'research', 'scaling', 'smart-contracts', 'fantom-ecosystem', 'injective-ecosystem', 'layer-1']"
"('Bitcoin SV', 'https://coinmarketcap.com/currencies/bitcoin-sv/')",https://github.com/bitcoin-sv/bitcoin-sv,"['mineable', 'pow', 'sha-256', 'medium-of-exchange', 'store-of-value', 'state-channel', 'bitcoin-ecosystem']"
"('Decentraland', 'https://coinmarketcap.com/currencies/decentraland/')",https://github.com/decentraland/mana,"['platform', 'collectibles-nfts', 'gaming', 'payments', 'metaverse', 'boostvc-portfolio', 'dcg-portfolio', 'fabric-ventures-portfolio', 'kenetic-capital-portfolio', 'polygon-ecosystem', 'play-to-earn', 'sec-security-token', 'alleged-sec-securities']"
"('Synthetix', 'https://coinmarketcap.com/currencies/synthetix/')",,"['services', 'decentralized-exchange-dex-token', 'defi', 'derivatives', 'dao', 'yield-farming', 'coinbase-ventures-portfolio', 'three-arrows-capital-portfolio', 'governance', 'synthetics', 'defiance-capital-portfolio', 'framework-ventures-portfolio', 'alameda-research-portfolio', 'parafi-capital', 'paradigm-portfolio', 'fantom-ecosystem', 'spartan-group', 'bnb-chain', 'optimism-ecosystem', 'real-world-assets', 'dwf-labs-portfolio', 'celsius-bankruptcy-estate']"
"('Render', 'https://coinmarketcap.com/currencies/render/')",,"['art', 'media', 'vr-ar', 'ai-big-data', 'distributed-computing', 'collectibles-nfts', 'gaming', 'scaling', 'video', 'ethereum-ecosystem', 'solana-ecosystem', 'metaverse', 'alameda-research-portfolio', 'multicoin-capital-portfolio', 'polygon-ecosystem', 'web3']"
"('ApeCoin', 'https://coinmarketcap.com/currencies/apecoin-ape/')",,"['collectibles-nfts', 'content-creation', 'gaming', 'entertainment', 'dao', 'governance', 'metaverse', 'animoca-brands-portfolio']"
"('Pax Dollar', 'https://coinmarketcap.com/currencies/paxos-standard/')",https://github.com/paxosglobal/pax-contracts,"['store-of-value', 'stablecoin', 'asset-backed-stablecoin', 'bnb-chain', 'usd-stablecoin']"
"('Neo', 'https://coinmarketcap.com/currencies/neo/')",https://github.com/neo-project/neo,"['platform', 'enterprise-solutions', 'smart-contracts']"
"('THORChain', 'https://coinmarketcap.com/currencies/thorchain/')",https://github.com/thorchain,"['cosmos-ecosystem', 'decentralized-exchange-dex-token', 'defi', 'dex', 'multicoin-capital-portfolio', 'exnetwork-capital-portfolio', 'injective-ecosystem']"
"('Kava', 'https://coinmarketcap.com/currencies/kava/')",https://github.com/kava-labs,"['cosmos-ecosystem', 'defi', 'binance-launchpad', 'binance-labs-portfolio', 'lending-borowing', 'arrington-xrp-capital-portfolio', 'framework-ventures-portfolio', 'hashkey-capital-portfolio', 'injective-ecosystem', 'dwf-labs-portfolio']"
"('PAX Gold', 'https://coinmarketcap.com/currencies/pax-gold/')",https://github.com/paxosglobal/paxos-gold-contract,"['bnb-chain', 'tokenized-gold']"
"('Tether Gold', 'https://coinmarketcap.com/currencies/tether-gold/')",,['tokenized-gold']
"('eCash', 'https://coinmarketcap.com/currencies/ecash/')",https://github.com/bitcoin-abc,['layer-1']
"('Flow', 'https://coinmarketcap.com/currencies/flow/')",https://github.com/onflow,"['platform', 'collectibles-nfts', 'staking', 'coinbase-ventures-portfolio', 'coinfund-portfolio', 'dcg-portfolio', 'ledgerprime-portfolio', 'a16z-portfolio', 'animoca-brands-portfolio', 'layer-1', 'sec-security-token', 'alleged-sec-securities']"
"('Rocket Pool', 'https://coinmarketcap.com/currencies/rocket-pool/')",https://github.com/rocket-pool/rocketpool,"['defi', 'liquid-staking-derivatives']"
"('Chiliz', 'https://coinmarketcap.com/currencies/chiliz/')",,"['sports', 'collectibles-nfts', 'content-creation', 'payments', 'layer-1', 'sec-security-token', 'alleged-sec-securities']"
"('Gala', 'https://coinmarketcap.com/currencies/gala/')",,"['collectibles-nfts', 'gaming', 'binance-smart-chain', 'polygon-ecosystem', 'play-to-earn', 'dwf-labs-portfolio']"
"('Klaytn', 'https://coinmarketcap.com/currencies/klaytn/')",https://github.com/klaytn/klaytn,"['platform', 'enterprise-solutions', 'injective-ecosystem']"
"('KuCoin Token', 'https://coinmarketcap.com/currencies/kucoin-token/')",,"['marketplace', 'centralized-exchange', 'discount-token', 'algorand-ecosystem']"
"('Frax Share', 'https://coinmarketcap.com/currencies/frax-share/')",https://github.com/fraxfinance,"['defi', 'seigniorage', 'avalanche-ecosystem', 'exnetwork-capital-portfolio', 'olympus-pro-ecosystem', 'arbitrum-ecosytem', 'liquid-staking-derivatives']"
"('IOTA', 'https://coinmarketcap.com/currencies/iota/')",https://github.com/iotaledger,"['dag', 'medium-of-exchange', 'iot', 'sharing-economy', 'dwf-labs-portfolio']"
"('Zcash', 'https://coinmarketcap.com/currencies/zcash/')",https://github.com/zcash/zcash,"['mineable', 'pow', 'equihash', 'medium-of-exchange', 'privacy', 'zero-knowledge-proofs', 'binance-chain', 'boostvc-portfolio', 'dcg-portfolio', 'electric-capital-portfolio', 'fenbushi-capital-portfolio', 'hashkey-capital-portfolio', 'winklevoss-capital-portfolio', 'placeholder-ventures-portfolio', 'pantera-capital-portfolio', 'bnb-chain']"
"('Casper', 'https://coinmarketcap.com/currencies/casper/')",https://github.com/casper-network/,"['enterprise-solutions', 'arrington-xrp-capital-portfolio', 'hashkey-capital-portfolio', 'web3', 'okex-blockdream-ventures-portfolio']"
"('Sui', 'https://coinmarketcap.com/currencies/sui/')",https://github.com/MystenLabs,"['binance-launchpool', 'coinbase-ventures-portfolio', 'binance-labs-portfolio', 'electric-capital-portfolio', 'a16z-portfolio', 'layer-1']"
"('Huobi Token', 'https://coinmarketcap.com/currencies/huobi-token/')",,"['marketplace', 'centralized-exchange', 'discount-token', 'payments', 'algorand-ecosystem', 'kenetic-capital-portfolio', 'alameda-research-portfolio', 'multicoin-capital-portfolio']"
"('BitTorrent(New)', 'https://coinmarketcap.com/currencies/bittorrent-new/')",https://github.com/bittorrent,"['platform', 'distributed-computing', 'filesharing', 'interoperability', 'staking', 'tron-ecosystem', 'storage', 'binance-launchpad', 'binance-labs-portfolio', 'web3', 'bnb-chain', 'sec-security-token', 'alleged-sec-securities']"
"('Curve DAO Token', 'https://coinmarketcap.com/currencies/curve-dao-token/')",https://github.com/curvefi/curve-contract,"['decentralized-exchange-dex-token', 'defi', 'dao', 'yield-farming', 'amm', 'governance', 'framework-ventures-portfolio', 'alameda-research-portfolio', 'polygon-ecosystem', 'fantom-ecosystem', 'arbitrum-ecosytem', 'optimism-ecosystem', 'dwf-labs-portfolio']"
"('Conflux', 'https://coinmarketcap.com/currencies/conflux-network/')",https://github.com/Conflux-Chain,"['mineable', 'pow', 'platform', 'collectibles-nfts', 'defi', 'payments', 'research', 'smart-contracts', 'staking', 'hybrid-pow-dpos', 'huobi-capital-portfolio', 'web3', 'injective-ecosystem', 'bnb-chain', 'dwf-labs-portfolio']"
"('Mina', 'https://coinmarketcap.com/currencies/mina/')",https://github.com/MinaProtocol/mina,"['pos', 'zero-knowledge-proofs', 'staking', 'coinbase-ventures-portfolio', 'three-arrows-capital-portfolio', 'polychain-capital-portfolio']"
"('GateToken', 'https://coinmarketcap.com/currencies/gatetoken/')",https://github.com/gatechain,"['marketplace', 'centralized-exchange', 'discount-token', 'algorand-ecosystem', 'ftx-bankruptcy-estate']"
"('Terra Classic', 'https://coinmarketcap.com/currencies/terra-luna/')",https://github.com/terra-money/core,"['cosmos-ecosystem', 'store-of-value', 'defi', 'payments', 'coinbase-ventures-portfolio', 'binance-labs-portfolio', 'solana-ecosystem', 'arrington-xrp-capital-portfolio', 'hashkey-capital-portfolio', 'kenetic-capital-portfolio', 'huobi-capital-portfolio', 'pantera-capital-portfolio', 'terra-ecosystem', 'injective-ecosystem', 'sec-security-token', 'alleged-sec-securities']"
"('Trust Wallet Token', 'https://coinmarketcap.com/currencies/trust-wallet-token/')",https://github.com/trustwallet,"['wallet', 'polygon-ecosystem', 'bnb-chain']"
"('Pepe', 'https://coinmarketcap.com/currencies/pepe/')",,['memes']
"('dYdX', 'https://coinmarketcap.com/currencies/dydx/')",https://github.com/dydxfoundation/,"['defi', 'derivatives', 'zero-knowledge-proofs', 'three-arrows-capital-portfolio', 'paradigm-portfolio', 'spartan-group']"
"('Compound', 'https://coinmarketcap.com/currencies/compound/')",https://github.com/compound-finance/compound-protocol,"['defi', 'dao', 'yield-farming', 'coinbase-ventures-portfolio', 'three-arrows-capital-portfolio', 'polychain-capital-portfolio', 'lending-borowing', 'dragonfly-capital-portfolio', 'alameda-research-portfolio', 'a16z-portfolio', 'pantera-capital-portfolio', 'paradigm-portfolio', 'arbitrum-ecosytem', 'bnb-chain']"
"('Nexo', 'https://coinmarketcap.com/currencies/nexo/')",https://github.com/nexofinance/NEXO-Token/,"['services', 'payments', 'cardano-ecosystem', 'alleged-sec-securities']"
"('GMX', 'https://coinmarketcap.com/currencies/gmx/')",,"['derivatives', 'dex', 'avalanche-ecosystem', 'arbitrum-ecosytem']"
"('Bone ShibaSwap', 'https://coinmarketcap.com/currencies/bone-shibaswap/')",,"['memes', 'doggone-doggerel']"
"('APENFT', 'https://coinmarketcap.com/currencies/apenft/')",,"['art', 'collectibles-nfts', 'tron-ecosystem']"
"('WOO Network', 'https://coinmarketcap.com/currencies/wootrade/')",,"['centralized-exchange', 'three-arrows-capital-portfolio', 'exnetwork-capital-portfolio', 'polygon-ecosystem', 'arbitrum-ecosytem', 'mvb', 'vbc-ventures-portfolio', 'injective-ecosystem', 'bnb-chain']"
"('Gemini Dollar', 'https://coinmarketcap.com/currencies/gemini-dollar/')",https://github.com/gemini/dollar,"['store-of-value', 'stablecoin', 'asset-backed-stablecoin', 'usd-stablecoin']"
"('Flare', 'https://coinmarketcap.com/currencies/flare/')",https://github.com/flare-foundation/,['dwf-labs-portfolio']
"('Astar', 'https://coinmarketcap.com/currencies/astar/')",https://github.com/AstarNetwork/Astar,"['polkadot', 'polkadot-ecosystem', 'okex-blockdream-ventures-portfolio']"
"('Dash', 'https://coinmarketcap.com/currencies/dash/')",https://github.com/dashpay/dash,"['mineable', 'hybrid-pow-pos', 'x11', 'medium-of-exchange', 'privacy', 'masternodes', 'dao', 'governance', 'alleged-sec-securities']"
"('Akash Network', 'https://coinmarketcap.com/currencies/akash-network/')",,"['cosmos-ecosystem', 'ai-big-data', 'distributed-computing', 'web3', 'injective-ecosystem']"
"('PancakeSwap', 'https://coinmarketcap.com/currencies/pancakeswap/')",https://github.com/pancakeswap,"['collectibles-nfts', 'decentralized-exchange-dex-token', 'defi', 'smart-contracts', 'yield-farming', 'amm', 'binance-smart-chain', 'dex', 'governance', 'aptos-ecosystem']"
"('MX TOKEN', 'https://coinmarketcap.com/currencies/mx-token/')",,"['marketplace', 'centralized-exchange', 'discount-token']"
"('Arweave', 'https://coinmarketcap.com/currencies/arweave/')",https://github.com/ArweaveTeam/arweave,"['distributed-computing', 'filesharing', 'storage', 'coinbase-ventures-portfolio', 'solana-ecosystem', 'arrington-xrp-capital-portfolio', 'blockchain-capital-portfolio', 'a16z-portfolio', 'multicoin-capital-portfolio', 'web3']"
"('Zilliqa', 'https://coinmarketcap.com/currencies/zilliqa/')",https://github.com/Zilliqa/Zilliqa,"['mineable', 'platform', 'payments', 'smart-contracts', 'polychain-capital-portfolio', 'metaverse', 'kenetic-capital-portfolio', 'zilliqa-ecosystem', 'bnb-chain']"
"('Oasis Network', 'https://coinmarketcap.com/currencies/oasis-network/')",https://github.com/oasisprotocol/oasis-core,"['cosmos-ecosystem', 'ai-big-data', 'collectibles-nfts', 'defi', 'privacy', 'scaling', 'smart-contracts', 'polychain-capital-portfolio', 'binance-labs-portfolio', 'arrington-xrp-capital-portfolio', 'blockchain-capital-portfolio', 'dragonfly-capital-portfolio', 'electric-capital-portfolio', 'kenetic-capital-portfolio', 'huobi-capital-portfolio', 'a16z-portfolio', 'winklevoss-capital-portfolio', 'pantera-capital-portfolio', 'injective-ecosystem']"
"('Gnosis', 'https://coinmarketcap.com/currencies/gnosis-gno/')",,"['services', 'decentralized-exchange-dex-token', 'defi', 'prediction-markets', 'kenetic-capital-portfolio', 'arbitrum-ecosytem']"
"('Basic Attention Token', 'https://coinmarketcap.com/currencies/basic-attention-token/')",https://github.com/brave-intl/bat-ledger,"['marketing', 'content-creation', 'defi', 'payments', 'dcg-portfolio', '1confirmation-portfolio', 'pantera-capital-portfolio', 'web3', 'bnb-chain']"
"('SafePal', 'https://coinmarketcap.com/currencies/safepal/')",https://github.com/SafePalWallet,"['wallet', 'binance-launchpad', 'injective-ecosystem', 'bnb-chain']"
"('1inch Network', 'https://coinmarketcap.com/currencies/1inch/')",https://github.com/1inch,"['decentralized-exchange-dex-token', 'defi', 'wallet', 'amm', 'binance-labs-portfolio', 'blockchain-capital-portfolio', 'dragonfly-capital-portfolio', 'fabric-ventures-portfolio', 'alameda-research-portfolio', 'parafi-capital', 'spartan-group', 'bnb-chain', 'celsius-bankruptcy-estate']"
"('Sei', 'https://coinmarketcap.com/currencies/sei/')",https://github.com/sei-protocol,"['coinbase-ventures-portfolio', 'multicoin-capital-portfolio', 'layer-1', 'jump-crypto', 'sei-ecosystem']"
"('Chia', 'https://coinmarketcap.com/currencies/chia-network/')",https://github.com/Chia-Network/chia-blockchain,[]
"('Loopring', 'https://coinmarketcap.com/currencies/loopring/')",https://github.com/loopring,"['marketplace', 'decentralized-exchange-dex-token', 'defi', 'zero-knowledge-proofs', 'scaling', 'smart-contracts', 'wallet', 'ethereum-ecosystem', 'amm', 'dex', 'layer-2', 'rollups', 'red-packets', 'web3', 'token', 'arbitrum-ecosytem']"
"('Enjin Coin', 'https://coinmarketcap.com/currencies/enjin-coin/')",https://github.com/enjin/,"['media', 'collectibles-nfts', 'gaming', 'ethereum-ecosystem', 'metaverse', 'arrington-xrp-capital-portfolio']"
"('Helium', 'https://coinmarketcap.com/currencies/helium/')",https://github.com/helium/,"['mineable', 'enterprise-solutions', 'distributed-computing', 'iot', 'usv-portfolio', 'multicoin-capital-portfolio', 'web3']"
"('Qtum', 'https://coinmarketcap.com/currencies/qtum/')",https://github.com/qtumproject/qtum/,"['platform', 'smart-contracts', 'kenetic-capital-portfolio', 'bitcoin-ecosystem']"
"('Ethereum Name Service', 'https://coinmarketcap.com/currencies/ethereum-name-service/')",https://github.com/ensdomains,"['dao', 'governance', 'web3']"
"('NEM', 'https://coinmarketcap.com/currencies/nem/')",https://github.com/NemProject,"['poi', 'medium-of-exchange', 'payments', 'smart-contracts', 'fantom-ecosystem']"
"('Bitcoin Gold', 'https://coinmarketcap.com/currencies/bitcoin-gold/')",https://github.com/BTCGPU/BTCGPU,"['mineable', 'medium-of-exchange', 'payments', 'bitcoin-ecosystem']"
"('SingularityNET', 'https://coinmarketcap.com/currencies/singularitynet/')",https://github.com/singnet/,"['marketplace', 'ai-big-data', 'payments', 'cross-chain-dex-aggregator']"
"('Convex Finance', 'https://coinmarketcap.com/currencies/convex-finance/')",https://github.com/convex-eth/platform,"['defi', 'yield-aggregator']"
"('Mask Network', 'https://coinmarketcap.com/currencies/mask-network/')",https://github.com/DimensionDev/Maskbook,"['communications-social-media', 'collectibles-nfts', 'content-creation', 'ethereum-ecosystem', 'metaverse', 'polygon-ecosystem', 'web3', 'animoca-brands-portfolio', 'injective-ecosystem', 'bnb-chain', 'dwf-labs-portfolio']"
"('Celo', 'https://coinmarketcap.com/currencies/celo/')",https://github.com/celo-org/celo-monorepo/,"['pos', 'zero-knowledge-proofs', 'mobile', 'payments', 'smart-contracts', 'coinbase-ventures-portfolio', 'polychain-capital-portfolio', 'dragonfly-capital-portfolio', 'electric-capital-portfolio', 'a16z-portfolio', 'celo-ecosystem', 'dwf-labs-portfolio']"
"('Theta Fuel', 'https://coinmarketcap.com/currencies/theta-fuel/')",https://github.com/thetatoken/theta-protocol-ledger,"['media', 'content-creation', 'defi', 'payments']"
"('Decred', 'https://coinmarketcap.com/currencies/decred/')",https://github.com/decred/,"['mineable', 'hybrid-pow-pos', 'blake256', 'medium-of-exchange', 'store-of-value', 'privacy', 'dao', 'placeholder-ventures-portfolio']"
"('Ankr', 'https://coinmarketcap.com/currencies/ankr/')",https://github.com/Ankr-network,"['platform', 'cosmos-ecosystem', 'enterprise-solutions', 'defi', 'filesharing', 'staking', 'substrate', 'pantera-capital-portfolio', 'polygon-ecosystem', 'celo-ecosystem', 'injective-ecosystem', 'bnb-chain', 'liquid-staking-derivatives']"
"('Ravencoin', 'https://coinmarketcap.com/currencies/ravencoin/')",https://github.com/RavenProject/Ravencoin,"['mineable', 'pow', 'platform', 'crowdfunding']"
"('Osmosis', 'https://coinmarketcap.com/currencies/osmosis/')",https://github.com/osmosis-labs/osmosis,"['cosmos-ecosystem', 'injective-ecosystem']"
"('Ocean Protocol', 'https://coinmarketcap.com/currencies/ocean-protocol/')",https://github.com/oceanprotocol,"['platform', 'ai-big-data', 'defi', 'filesharing', 'dao', 'substrate', 'storage', 'dcg-portfolio', 'fabric-ventures-portfolio', 'polygon-ecosystem', 'web3', 'injective-ecosystem']"
"('yearn.finance', 'https://coinmarketcap.com/currencies/yearn-finance/')",https://github.com/yearn/iearn-finance,"['defi', 'dao', 'yield-farming', 'yield-aggregator', 'yearn-partnerships', 'three-arrows-capital-portfolio', 'polychain-capital-portfolio', 'governance', 'blockchain-capital-portfolio', 'framework-ventures-portfolio', 'alameda-research-portfolio', 'parafi-capital', 'fantom-ecosystem', 'arbitrum-ecosytem', 'bnb-chain']"
"('Livepeer', 'https://coinmarketcap.com/currencies/livepeer/')",https://github.com/livepeer,"['coinfund-portfolio', 'dcg-portfolio', 'pantera-capital-portfolio', 'multicoin-capital-portfolio', 'web3', 'arbitrum-ecosytem']"
"('Holo', 'https://coinmarketcap.com/currencies/holo/')",https://github.com/holochain/holochain-rust,"['platform', 'distributed-computing', 'filesharing', 'storage']"
"('JUST', 'https://coinmarketcap.com/currencies/just/')",,"['defi', 'tron-ecosystem']"
"('STEPN', 'https://coinmarketcap.com/currencies/green-metaverse-token/')",,"['collectibles-nfts', 'gaming', 'binance-smart-chain', 'binance-launchpad', 'solana-ecosystem', 'bnb-chain', 'move-to-earn']"
"('Balancer', 'https://coinmarketcap.com/currencies/balancer/')",https://github.com/balancer-labs,"['decentralized-exchange-dex-token', 'defi', 'dao', 'yield-farming', 'amm', 'three-arrows-capital-portfolio', 'governance', 'coinfund-portfolio', 'alameda-research-portfolio', 'placeholder-ventures-portfolio', 'pantera-capital-portfolio', 'near-protocol-ecosystem', 'arbitrum-ecosytem', 'optimism-ecosystem', 'base-ecosystem']"
"('aelf', 'https://coinmarketcap.com/currencies/aelf/')",https://github.com/aelfProject,"['marketplace', 'enterprise-solutions', 'arrington-xrp-capital-portfolio', 'huobi-capital-portfolio', 'bnb-chain']"
"('Fetch.ai', 'https://coinmarketcap.com/currencies/fetch/')",https://github.com/fetchai,"['cosmos-ecosystem', 'ai-big-data', 'collectibles-nfts', 'iot', 'binance-launchpad', 'web3', 'injective-ecosystem', 'dwf-labs-portfolio']"
"('Blur', 'https://coinmarketcap.com/currencies/blur-token/')",,['collectibles-nfts']
"('Waves', 'https://coinmarketcap.com/currencies/waves/')",https://github.com/wavesplatform/,"['lpos', 'platform', 'smart-contracts', 'dwf-labs-portfolio']"
"('Golem', 'https://coinmarketcap.com/currencies/golem-network-tokens/')",https://github.com/golemfactory/golem,"['platform', 'distributed-computing', 'payments', 'polygon-ecosystem', 'web3']"
"('Aragon', 'https://coinmarketcap.com/currencies/aragon/')",,"['platform', 'enterprise-solutions', 'dao', 'ethereum-ecosystem', 'governance', 'boostvc-portfolio', 'placeholder-ventures-portfolio', 'web3']"
"('Audius', 'https://coinmarketcap.com/currencies/audius/')",,"['music', 'dao', 'coinbase-ventures-portfolio', 'binance-labs-portfolio', 'solana-ecosystem', 'pantera-capital-portfolio', 'multicoin-capital-portfolio', 'web3']"
"('JasmyCoin', 'https://coinmarketcap.com/currencies/jasmy/')",,"['iot', 'ethereum-ecosystem', 'dwf-labs-portfolio']"
"('FLOKI', 'https://coinmarketcap.com/currencies/floki-inu/')",https://github.com/floki-inu,"['gaming', 'memes', 'metaverse', 'doggone-doggerel', 'play-to-earn', 'bnb-chain', 'dwf-labs-portfolio']"
"('Threshold', 'https://coinmarketcap.com/currencies/threshold/')",https://github.com/threshold-network,['bitcoin-ecosystem']
"('ICON', 'https://coinmarketcap.com/currencies/icon/')",https://github.com/icon-project,"['platform', 'enterprise-solutions', 'interoperability', 'smart-contracts', 'kenetic-capital-portfolio', 'pantera-capital-portfolio']"
"('Kusama', 'https://coinmarketcap.com/currencies/kusama/')",https://github.com/kusamanetwork,"['substrate', 'polkadot-ecosystem', 'cms-holdings-portfolio', 'kenetic-capital-portfolio', '1confirmation-portfolio', 'vbc-ventures-portfolio']"
"('Siacoin', 'https://coinmarketcap.com/currencies/siacoin/')",https://github.com/SiaFoundation,"['mineable', 'pow', 'blake2b', 'platform', 'distributed-computing', 'filesharing', 'storage', 'dragonfly-capital-portfolio', 'fenbushi-capital-portfolio', 'paradigm-portfolio', 'web3', 'near-protocol-ecosystem']"
"('Worldcoin', 'https://coinmarketcap.com/currencies/worldcoin-org/')",https://github.com/worldcoin,"['privacy', 'zero-knowledge-proofs', 'identity', 'ethereum-ecosystem', 'governance', 'blockchain-capital-portfolio', 'a16z-portfolio', 'token', 'optimism-ecosystem']"
"('Solar', 'https://coinmarketcap.com/currencies/sxp/')",https://github.com/Solar-network,"['medium-of-exchange', 'defi', 'payments', 'wallet', 'binance-labs-portfolio', 'alameda-research-portfolio', 'bnb-chain']"
"('Terra', 'https://coinmarketcap.com/currencies/terra-luna-v2/')",https://github.com/terra-money/core,['alleged-sec-securities']
"('Illuvium', 'https://coinmarketcap.com/currencies/illuvium/')",,"['collectibles-nfts', 'gaming', 'dao', 'metaverse', 'play-to-earn']"
"('Hive', 'https://coinmarketcap.com/currencies/hive-blockchain/')",https://github.com/openhive-network/hive,"['dpos', 'media', 'content-creation', 'scaling', 'web3']"
"('0x Protocol', 'https://coinmarketcap.com/currencies/0x/')",https://github.com/0xProject,"['platform', 'decentralized-exchange-dex-token', 'defi', 'scaling', 'dao', 'substrate', 'polkadot', 'polkadot-ecosystem', 'polychain-capital-portfolio', 'governance', 'blockchain-capital-portfolio', 'boostvc-portfolio', 'fabric-ventures-portfolio', 'kenetic-capital-portfolio', 'placeholder-ventures-portfolio', 'pantera-capital-portfolio', 'celsius-bankruptcy-estate']"
"('EthereumPoW', 'https://coinmarketcap.com/currencies/ethereum-pow/')",https://github.com/ethereumpow,['pow']
"('Ontology', 'https://coinmarketcap.com/currencies/ontology/')",https://github.com/ontio,"['enterprise-solutions', 'identity', 'metaverse', 'huobi-capital-portfolio', 'fantom-ecosystem', 'web3', 'near-protocol-ecosystem', 'bnb-chain']"
"('ssv.network', 'https://coinmarketcap.com/currencies/ssv-network/')",https://github.com/bloxapp/ssv-web,[]
"('Moonbeam', 'https://coinmarketcap.com/currencies/moonbeam/')",https://github.com/PureStake/moonbeam,"['smart-contracts', 'substrate', 'polkadot', 'polkadot-ecosystem', 'binance-labs-portfolio', 'arrington-xrp-capital-portfolio', 'injective-ecosystem']"
"('IOST', 'https://coinmarketcap.com/currencies/iostoken/')",,"['hardware', 'iot', 'huobi-capital-portfolio']"
"('Band Protocol', 'https://coinmarketcap.com/currencies/band-protocol/')",https://github.com/bandprotocol,"['cosmos-ecosystem', 'defi', 'oracles', 'binance-chain', 'binance-launchpad', 'binance-labs-portfolio', 'solana-ecosystem', 'polygon-ecosystem', 'fantom-ecosystem', 'web3', 'near-protocol-ecosystem', 'spartan-group', 'injective-ecosystem', 'bnb-chain']"
"('Biconomy', 'https://coinmarketcap.com/currencies/biconomy/')",https://github.com/bcnmy,"['platform', 'interoperability', 'coinbase-ventures-portfolio', 'binance-labs-portfolio', 'fenbushi-capital-portfolio', 'mvb']"
"('Harmony', 'https://coinmarketcap.com/currencies/harmony/')",https://github.com/harmony-one,"['platform', 'enterprise-solutions', 'scaling', 'smart-contracts', 'binance-launchpad', 'binance-labs-portfolio', 'hashkey-capital-portfolio', 'harmony-ecosystem', 'injective-ecosystem', 'bnb-chain']"
"('WAX', 'https://coinmarketcap.com/currencies/wax/')",https://github.com/worldwide-asset-exchange/,"['media', 'collectibles-nfts', 'gaming', 'entertainment', 'payments', 'metaverse', 'galaxy-digital-portfolio', 'kenetic-capital-portfolio', 'play-to-earn', 'okex-blockdream-ventures-portfolio']"
"('SushiSwap', 'https://coinmarketcap.com/currencies/sushiswap/')",https://github.com/sushiswap/sushiswap,"['collectibles-nfts', 'decentralized-exchange-dex-token', 'defi', 'dao', 'yield-farming', 'amm', 'yearn-partnerships', 'governance', 'avalanche-ecosystem', 'metaverse', 'blockchain-capital-portfolio', 'defiance-capital-portfolio', 'alameda-research-portfolio', 'pantera-capital-portfolio', 'polygon-ecosystem', 'fantom-ecosystem', 'arbitrum-ecosytem', 'harmony-ecosystem', 'injective-ecosystem', 'bnb-chain']"
"('Axelar', 'https://coinmarketcap.com/currencies/axelar/')",https://github.com/axelarnetwork,"['interoperability', 'ethereum-ecosystem', 'coinbase-ventures-portfolio', 'polychain-capital-portfolio', 'binance-labs-portfolio', 'galaxy-digital-portfolio', 'base-ecosystem', 'sei-ecosystem']"
"('IoTeX', 'https://coinmarketcap.com/currencies/iotex/')",https://github.com/iotexproject/iotex-core,"['platform', 'iot', 'hashkey-capital-portfolio', 'kenetic-capital-portfolio', 'iotex-ecosystem', 'bnb-chain']"
"('MAGIC', 'https://coinmarketcap.com/currencies/magic-token/')",https://github.com/TreasureProject/,"['gaming', 'metaverse', 'arbitrum-ecosytem']"
"('Merit Circle', 'https://coinmarketcap.com/currencies/merit-circle/')",,"['gaming', 'binance-launchpool', 'governance', 'play-to-earn', 'token', 'gaming-guild', 'spartan-group', 'dwf-labs-portfolio']"
"('TerraClassicUSD', 'https://coinmarketcap.com/currencies/terrausd/')",https://github.com/terra-project,"['cosmos-ecosystem', 'stablecoin', 'algorithmic-stablecoin', 'seigniorage', 'terra-ecosystem', 'injective-ecosystem', 'bnb-chain', 'usd-stablecoin', 'alleged-sec-securities']"
"('Kadena', 'https://coinmarketcap.com/currencies/kadena/')",https://github.com/kadena-io/chainweb-node,"['mineable', 'pow', 'blake2s', 'platform', 'smart-contracts', 'coinfund-portfolio', 'multicoin-capital-portfolio', 'web3', 'layer-1', 'kadena-ecosystem']"
"('UniBot', 'https://coinmarketcap.com/currencies/unibot-eth/')",,"['ethereum-ecosystem', 'telegram-bot']"
"('BORA', 'https://coinmarketcap.com/currencies/bora/')",,"['marketplace', 'gaming']"
"('Nervos Network', 'https://coinmarketcap.com/currencies/nervos-network/')",https://github.com/nervosnetwork,"['mineable', 'pow', 'platform', 'collectibles-nfts', 'defi', 'interoperability', 'research', 'scaling', 'smart-contracts', 'dao', 'polychain-capital-portfolio', 'rollups', 'blockchain-capital-portfolio', 'cms-holdings-portfolio', 'dragonfly-capital-portfolio', 'electric-capital-portfolio', 'hashkey-capital-portfolio', 'huobi-capital-portfolio', '1confirmation-portfolio', 'multicoin-capital-portfolio', 'web3']"
"('DigiByte', 'https://coinmarketcap.com/currencies/digibyte/')",https://github.com/DigiByte-Core,"['mineable', 'pow', 'multiple-algorithms', 'medium-of-exchange', 'collectibles-nfts', 'iot', 'payments']"
"('Stargate Finance', 'https://coinmarketcap.com/currencies/stargate-finance/')",,"['ethereum-ecosystem', 'avalanche-ecosystem', 'polygon-ecosystem', 'fantom-ecosystem', 'arbitrum-ecosytem', 'cross-chain', 'optimism-ecosystem']"
"('DAO Maker', 'https://coinmarketcap.com/currencies/dao-maker/')",https://github.com/daomaker,"['defi', 'governance', 'launchpad', 'dao-maker', 'vbc-ventures-portfolio', 'injective-ecosystem']"
"('MobileCoin', 'https://coinmarketcap.com/currencies/mobilecoin/')",https://github.com/mobilecoinfoundation/mobilecoin,"['privacy', 'payments', 'arrington-xrp-capital-portfolio']"
"('Ribbon Finance', 'https://coinmarketcap.com/currencies/ribbon-finance/')",https://github.com/ribbon-finance,"['derivatives', 'coinbase-ventures-portfolio', 'real-world-assets']"
"('Core', 'https://coinmarketcap.com/currencies/core-dao/')",,[]
"('SKALE', 'https://coinmarketcap.com/currencies/skale-network/')",https://github.com/skalenetwork,"['platform', 'scaling', 'smart-contracts', 'staking', 'layer-2', 'arrington-xrp-capital-portfolio', 'boostvc-portfolio', 'galaxy-digital-portfolio', 'hashkey-capital-portfolio']"
"('Flux', 'https://coinmarketcap.com/currencies/zel/')",https://github.com/runonflux,"['mineable', 'pow', 'distributed-computing', 'filesharing', 'interoperability', 'masternodes', 'smart-contracts', 'dao', 'dapp', 'storage', 'governance', 'web3', 'cross-chain']"
"('UMA', 'https://coinmarketcap.com/currencies/uma/')",https://github.com/UMAprotocol,"['defi', 'derivatives', 'oracles', 'dao', 'coinbase-ventures-portfolio', 'governance', 'synthetics', 'blockchain-capital-portfolio', 'dragonfly-capital-portfolio', 'placeholder-ventures-portfolio', 'polygon-ecosystem', 'injective-ecosystem']"
"('Horizen', 'https://coinmarketcap.com/currencies/horizen/')",https://github.com/HorizenOfficial,"['mineable', 'pow', 'medium-of-exchange', 'platform', 'enterprise-solutions', 'content-creation', 'privacy', 'zero-knowledge-proofs', 'masternodes', 'scaling', 'smart-contracts', 'staking', 'sidechain', 'dcg-portfolio', 'web3']"
"('Galxe', 'https://coinmarketcap.com/currencies/galxe/')",,"['binance-launchpool', 'mvb', 'spartan-group', 'dwf-labs-portfolio']"
"('Reserve Rights', 'https://coinmarketcap.com/currencies/reserve-rights/')",https://github.com/reserve-protocol,"['store-of-value', 'defi', 'coinbase-ventures-portfolio', 'dcg-portfolio', 'real-world-assets']"
"('TomoChain', 'https://coinmarketcap.com/currencies/tomochain/')",https://github.com/tomochain/,"['platform', 'alameda-research-portfolio', 'injective-ecosystem']"
"('Everscale', 'https://coinmarketcap.com/currencies/everscale/')",https://github.com/tonlabs/ever-sdk,['everscale-ecosystem']
"('STP', 'https://coinmarketcap.com/currencies/standard-tokenization-protocol/')",,"['defi', 'payments']"
"('Lisk', 'https://coinmarketcap.com/currencies/lisk/')",https://github.com/LiskHQ/lisk-sdk,"['dpos', 'platform', 'enterprise-solutions', 'smart-contracts']"
"('Nano', 'https://coinmarketcap.com/currencies/nano/')",https://github.com/nanocurrency,"['dag', 'blake2b', 'medium-of-exchange', 'store-of-value', 'payments']"
"('Storj', 'https://coinmarketcap.com/currencies/storj/')",https://github.com/storj/storj,"['platform', 'distributed-computing', 'filesharing', 'storage', 'web3']"
"('Alchemy Pay', 'https://coinmarketcap.com/currencies/alchemy-pay/')",https://github.com/Alchemy-GPS,['dwf-labs-portfolio']
"('Kyber Network Crystal v2', 'https://coinmarketcap.com/currencies/kyber-network-crystal-v2/')",https://github.com/kybernetwork,"['marketplace', 'decentralized-exchange-dex-token', 'defi', 'dao', 'amm', 'three-arrows-capital-portfolio', 'governance', 'kenetic-capital-portfolio', 'pantera-capital-portfolio', 'parafi-capital', 'arbitrum-ecosytem', 'optimism-ecosystem']"
"('Cartesi', 'https://coinmarketcap.com/currencies/cartesi/')",https://github.com/cartesi,"['pos', 'platform', 'cosmos-ecosystem', 'scaling', 'smart-contracts', 'staking', 'dapp', 'ethereum-ecosystem', 'binance-smart-chain', 'rollups', 'sidechain', 'binance-launchpad', 'binance-labs-portfolio', 'arbitrum-ecosytem', 'injective-ecosystem', 'bnb-chain', 'optimism-ecosystem']"
"('Celer Network', 'https://coinmarketcap.com/currencies/celer-network/')",https://github.com/celer-network,"['platform', 'enterprise-solutions', 'zero-knowledge-proofs', 'scaling', 'state-channel', 'ethereum-ecosystem', 'substrate', 'polkadot-ecosystem', 'binance-launchpad', 'arrington-xrp-capital-portfolio', 'pantera-capital-portfolio', 'arbitrum-ecosytem', 'bnb-chain', 'sei-ecosystem']"
"('PlayDapp', 'https://coinmarketcap.com/currencies/playdapp/')",https://github.com/playdapp,"['gaming', 'ethereum-ecosystem', 'metaverse', 'polygon-ecosystem']"
"('Pundi X (New)', 'https://coinmarketcap.com/currencies/pundix-new/')",,[]
"('Vulcan Forged PYR', 'https://coinmarketcap.com/currencies/vulcan-forged-pyr/')",,"['collectibles-nfts', 'gaming', 'entertainment', 'metaverse', 'dwf-labs-portfolio']"
"('Status', 'https://coinmarketcap.com/currencies/status/')",https://github.com/status-im,"['media', 'content-creation', 'privacy', 'fabric-ventures-portfolio', 'kenetic-capital-portfolio']"
"('Amp', 'https://coinmarketcap.com/currencies/amp/')",https://github.com/amptoken,"['sec-security-token', 'alleged-sec-securities']"
