Name,Source GitHub,Tags,Circulating Supply,Total Supply,Low All Time,High All Time
"('Bitcoin', 'https://coinmarketcap.com/currencies/bitcoin/')",https://github.com/bitcoin/bitcoin,"['mineable', 'pow', 'sha-256', 'store-of-value', 'state-channel', 'coinbase-ventures-portfolio', 'three-arrows-capital-portfolio', 'polychain-capital-portfolio', 'binance-labs-portfolio', 'blockchain-capital-portfolio', 'boostvc-portfolio', 'cms-holdings-portfolio', 'dcg-portfolio', 'dragonfly-capital-portfolio', 'electric-capital-portfolio', 'fabric-ventures-portfolio', 'framework-ventures-portfolio', 'galaxy-digital-portfolio', 'huobi-capital-portfolio', 'alameda-research-portfolio', 'a16z-portfolio', '1confirmation-portfolio', 'winklevoss-capital-portfolio', 'usv-portfolio', 'placeholder-ventures-portfolio', 'pantera-capital-portfolio', 'multicoin-capital-portfolio', 'paradigm-portfolio', 'bitcoin-ecosystem']",19475293,19475293,0.04864654,68789.62593892214
"('Ethereum', 'https://coinmarketcap.com/currencies/ethereum/')",https://github.com/ethereum/go-ethereum,"['pos', 'smart-contracts', 'ethereum-ecosystem', 'coinbase-ventures-portfolio', 'three-arrows-capital-portfolio', 'polychain-capital-portfolio', 'binance-labs-portfolio', 'blockchain-capital-portfolio', 'boostvc-portfolio', 'cms-holdings-portfolio', 'dcg-portfolio', 'dragonfly-capital-portfolio', 'electric-capital-portfolio', 'fabric-ventures-portfolio', 'framework-ventures-portfolio', 'hashkey-capital-portfolio', 'kenetic-capital-portfolio', 'huobi-capital-portfolio', 'alameda-research-portfolio', 'a16z-portfolio', '1confirmation-portfolio', 'winklevoss-capital-portfolio', 'usv-portfolio', 'placeholder-ventures-portfolio', 'pantera-capital-portfolio', 'multicoin-capital-portfolio', 'paradigm-portfolio', 'injective-ecosystem', 'layer-1']",120216736.72469984,120216736.72469984,0.4208970069885254,4891.704697551414
"('Tether USDt', 'https://coinmarketcap.com/currencies/tether/')",,"['payments', 'stablecoin', 'asset-backed-stablecoin', 'avalanche-ecosystem', 'solana-ecosystem', 'arbitrum-ecosytem', 'moonriver-ecosystem', 'injective-ecosystem', 'bnb-chain', 'usd-stablecoin', 'optimism-ecosystem']",82900167311.56065,85437198727.27763,0.5683140158653259,1.2154899835586548
"('BNB', 'https://coinmarketcap.com/currencies/bnb/')",https://github.com/bnb-chain,"['marketplace', 'centralized-exchange', 'payments', 'smart-contracts', 'alameda-research-portfolio', 'multicoin-capital-portfolio', 'bnb-chain', 'layer-1', 'sec-security-token', 'alleged-sec-securities', 'celsius-bankruptcy-estate']",153850075.15870744,153850075.15870744,0.09610939770936966,690.93196468
"('XRP', 'https://coinmarketcap.com/currencies/xrp/')",https://github.com/ripple/rippled,"['medium-of-exchange', 'enterprise-solutions', 'arrington-xrp-capital-portfolio', 'galaxy-digital-portfolio', 'a16z-portfolio', 'pantera-capital-portfolio']",52977697600,99988458761,0.002802350092679262,3.841939926147461
"('USD Coin', 'https://coinmarketcap.com/currencies/usd-coin/')",https://github.com/centrehq/centre-tokens,"['medium-of-exchange', 'stablecoin', 'asset-backed-stablecoin', 'hedera-hashgraph-ecosystem', 'fantom-ecosystem', 'arbitrum-ecosytem', 'moonriver-ecosystem', 'bnb-chain', 'usd-stablecoin', 'optimism-ecosystem']",26181339739.95742,26181339739.95742,0.8774,2.349556378332484
"('Cardano', 'https://coinmarketcap.com/currencies/cardano/')",https://cardanoupdates.com/,"['dpos', 'pos', 'platform', 'research', 'smart-contracts', 'staking', 'cardano-ecosystem', 'cardano', 'layer-1', 'sec-security-token', 'alleged-sec-securities']",35077957655.215,36137410585.885,0.017354099079966545,3.09918625
"('Dogecoin', 'https://coinmarketcap.com/currencies/dogecoin/')",https://github.com/dogecoin/dogecoin,"['mineable', 'pow', 'scrypt', 'medium-of-exchange', 'memes', 'payments', 'doggone-doggerel', 'bnb-chain']",140856466383.7052,140856466383.70523,8.5474399384111e-05,0.7375666
"('Solana', 'https://coinmarketcap.com/currencies/solana/')",https://github.com/solana-labs,"['pos', 'platform', 'solana-ecosystem', 'cms-holdings-portfolio', 'kenetic-capital-portfolio', 'alameda-research-portfolio', 'multicoin-capital-portfolio', 'okex-blockdream-ventures-portfolio', 'layer-1', 'ftx-bankruptcy-estate', 'sec-security-token', 'alleged-sec-securities']",408701466.87925696,556524721.0599054,0.505193636791,260.0621175973552
"('TRON', 'https://coinmarketcap.com/currencies/tron/')",https://github.com/tronprotocol/java-tron,"['media', 'payments', 'tron-ecosystem', 'dwf-labs-portfolio', 'sec-security-token', 'alleged-sec-securities']",89304769834.79001,89304851190.40657,0.001091259997338057,0.3003630042076111
"('Polkadot', 'https://coinmarketcap.com/currencies/polkadot-new/')",https://github.com/paritytech/polkadot,"['substrate', 'polkadot', 'binance-chain', 'polkadot-ecosystem', 'three-arrows-capital-portfolio', 'polychain-capital-portfolio', 'arrington-xrp-capital-portfolio', 'blockchain-capital-portfolio', 'boostvc-portfolio', 'cms-holdings-portfolio', 'coinfund-portfolio', 'fabric-ventures-portfolio', 'fenbushi-capital-portfolio', 'hashkey-capital-portfolio', 'kenetic-capital-portfolio', '1confirmation-portfolio', 'placeholder-ventures-portfolio', 'pantera-capital-portfolio', 'exnetwork-capital-portfolio', 'web3', 'spartan-group', 'injective-ecosystem', 'bnb-chain', 'layer-1']",1219654407.7062347,1351913765.0114145,2.6928957061,55.00497580824179
"('Dai', 'https://coinmarketcap.com/currencies/multi-collateral-dai/')",,"['defi', 'stablecoin', 'asset-backed-stablecoin', 'ethereum-ecosystem', 'avalanche-ecosystem', 'polygon-ecosystem', 'fantom-ecosystem', 'arbitrum-ecosytem', 'harmony-ecosystem', 'moonriver-ecosystem', 'bnb-chain', 'usd-stablecoin', 'optimism-ecosystem']",5347888595.7464075,5347888595.7464075,0.8970032280541823,3.668397883943107
"('Polygon', 'https://coinmarketcap.com/currencies/polygon/')",https://github.com/maticnetwork/contracts,"['pos', 'platform', 'enterprise-solutions', 'zero-knowledge-proofs', 'scaling', 'state-channel', 'coinbase-ventures-portfolio', 'layer-2', 'binance-launchpad', 'binance-labs-portfolio', 'polygon-ecosystem', 'moonriver-ecosystem', 'injective-ecosystem', 'sec-security-token', 'alleged-sec-securities']",9319469069.28493,10000000000,0.00301154729812,2.9232349164289433
"('Toncoin', 'https://coinmarketcap.com/currencies/toncoin/')",https://github.com/ton-blockchain,"['pos', 'dwf-labs-portfolio', 'toncoin-ecosystem']",3431892087.62,5047558528,0.39061681567469,5.837308653961257
"('Litecoin', 'https://coinmarketcap.com/currencies/litecoin/')",https://github.com/litecoin-project/litecoin,"['mineable', 'pow', 'scrypt', 'medium-of-exchange']",73612901.72743528,84000000,1.1137399673461914,412.96014112
"('Shiba Inu', 'https://coinmarketcap.com/currencies/shiba-inu/')",,"['memes', 'ethereum-ecosystem', 'doggone-doggerel']",589346914631298.1,589589040239379.6,8.164606e-11,8.8450814267188e-05
"('Wrapped Bitcoin', 'https://coinmarketcap.com/currencies/wrapped-bitcoin/')",https://github.com/WrappedBTC/bitcoin-token-smart-contracts,"['medium-of-exchange', 'defi', 'wrapped-tokens', 'fantom-ecosystem', 'arbitrum-ecosytem', 'moonriver-ecosystem', 'optimism-ecosystem', 'bitcoin-ecosystem']",162974.76175269,162974.76175269,3330.11634888,67011
"('Bitcoin Cash', 'https://coinmarketcap.com/currencies/bitcoin-cash/')",https://gitlab.com/bitcoin-cash-node/,"['mineable', 'pow', 'sha-256', 'marketplace', 'medium-of-exchange', 'store-of-value', 'enterprise-solutions', 'payments', 'bitcoin-ecosystem', 'layer-1']",19494112.5,19494112.5,75.0753135706,4355.6201171875
"('UNUS SED LEO', 'https://coinmarketcap.com/currencies/unus-sed-leo/')",,"['marketplace', 'centralized-exchange', 'discount-token', 'payments', 'kenetic-capital-portfolio', 'alameda-research-portfolio']",929430839.9,985239504,0.803558175101,8.042636070844173
"('Avalanche', 'https://coinmarketcap.com/currencies/avalanche/')",https://github.com/ava-labs/avalanchego,"['defi', 'smart-contracts', 'three-arrows-capital-portfolio', 'polychain-capital-portfolio', 'avalanche-ecosystem', 'cms-holdings-portfolio', 'dragonfly-capital-portfolio', 'moonriver-ecosystem', 'injective-ecosystem', 'layer-1']",353560421.5788345,430936601.5788345,2.7888219,146.21786401299232
"('Stellar', 'https://coinmarketcap.com/currencies/stellar/')",https://github.com/stellar/stellar-core,"['medium-of-exchange', 'enterprise-solutions', 'decentralized-exchange-dex-token', 'smart-contracts', 'hashkey-capital-portfolio']",27464249718.834774,50001787223.47154,0.001227100030519068,0.9381440281867981
"('Chainlink', 'https://coinmarketcap.com/currencies/chainlink/')",https://github.com/smartcontractkit/chainlink,"['platform', 'defi', 'oracles', 'smart-contracts', 'substrate', 'polkadot', 'polkadot-ecosystem', 'avalanche-ecosystem', 'solana-ecosystem', 'framework-ventures-portfolio', 'polygon-ecosystem', 'fantom-ecosystem', 'cardano-ecosystem', 'web3', 'near-protocol-ecosystem', 'arbitrum-ecosytem', 'cardano', 'injective-ecosystem', 'optimism-ecosystem', 'real-world-assets', 'celsius-bankruptcy-estate']",538099970.4527867,1000000000,0.1262969970703125,52.87608912
"('Binance USD', 'https://coinmarketcap.com/currencies/binance-usd/')",https://github.com/paxosglobal/busd-contract,"['stablecoin', 'asset-backed-stablecoin', 'binance-chain', 'harmony-ecosystem', 'moonriver-ecosystem', 'usd-stablecoin', 'optimism-ecosystem', 'alleged-sec-securities', 'linea-ecosystem']",2864514304.389097,2864514304.389097,0.886123687014,1.10651177623
"('TrueUSD', 'https://coinmarketcap.com/currencies/trueusd/')",https://github.com/trusttoken/smart-contracts,"['store-of-value', 'stablecoin', 'asset-backed-stablecoin', 'avalanche-ecosystem', 'arbitrum-ecosytem', 'bnb-chain', 'usd-stablecoin']",3447761055.7999997,3447761055.7999997,0.917876956195,1.364490032196045
"('Uniswap', 'https://coinmarketcap.com/currencies/uniswap/')",,"['decentralized-exchange-dex-token', 'defi', 'dao', 'yield-farming', 'amm', 'coinbase-ventures-portfolio', 'three-arrows-capital-portfolio', 'governance', 'blockchain-capital-portfolio', 'defiance-capital-portfolio', 'alameda-research-portfolio', 'a16z-portfolio', 'pantera-capital-portfolio', 'parafi-capital', 'paradigm-portfolio', 'arbitrum-ecosytem', 'injective-ecosystem', 'optimism-ecosystem']",577501031,1000000000,0.418997551386,44.9740635
"('Monero', 'https://coinmarketcap.com/currencies/monero/')",https://github.com/monero-project/monero,"['mineable', 'pow', 'medium-of-exchange', 'privacy', 'ringct', 'boostvc-portfolio', 'electric-capital-portfolio', 'galaxy-digital-portfolio']",18326880.23704325,18326880.23704325,0.21296699345111847,517.62024523
"('OKB', 'https://coinmarketcap.com/currencies/okb/')",,"['marketplace', 'centralized-exchange', 'discount-token', 'alameda-research-portfolio']",60000000,300000000,1.25311487482,58.46021383209264
"('Cosmos', 'https://coinmarketcap.com/currencies/cosmos/')",https://github.com/cosmos,"['platform', 'cosmos-ecosystem', 'content-creation', 'interoperability', 'polychain-capital-portfolio', 'dragonfly-capital-portfolio', 'hashkey-capital-portfolio', '1confirmation-portfolio', 'paradigm-portfolio', 'exnetwork-capital-portfolio', 'injective-ecosystem', 'sec-security-token', 'alleged-sec-securities']",362573539,362573539,1.13096252523,44.6955257850945
"('Ethereum Classic', 'https://coinmarketcap.com/currencies/ethereum-classic/')",https://github.com/ethereumclassic/ethereumclassic.github.io,"['mineable', 'pow', 'ethash', 'platform', 'smart-contracts', 'dcg-portfolio']",142827413.3501602,210700000,0.45244601368904114,176.15769168
"('Hedera', 'https://coinmarketcap.com/currencies/hedera/')",https://github.com/hashgraph,"['dag', 'marketplace', 'enterprise-solutions', 'payments', 'dcg-portfolio', 'hedera-hashgraph-ecosystem', 'layer-1']",33181480123.400974,50000000000,0.0100124401134,0.57014605196947
"('Internet Computer', 'https://coinmarketcap.com/currencies/internet-computer/')",https://github.com/dfinity/ic,"['platform', 'distributed-computing', 'collectibles-nfts', 'defi', 'interoperability', 'smart-contracts', 'dao', 'wallet', 'storage', 'polychain-capital-portfolio', 'launchpad', 'lending-borowing', 'metaverse', 'electric-capital-portfolio', 'fenbushi-capital-portfolio', 'hashkey-capital-portfolio', 'a16z-portfolio', 'multicoin-capital-portfolio', 'exnetwork-capital-portfolio', 'web3', 'internet-computer-ecosystem', 'bitcoin-ecosystem', 'sec-security-token', 'alleged-sec-securities']",442207278.9332766,504501696.80255127,0,750.73047694
"('Filecoin', 'https://coinmarketcap.com/currencies/filecoin/')",https://github.com/filecoin-project/,"['mineable', 'distributed-computing', 'filesharing', 'storage', 'polychain-capital-portfolio', 'blockchain-capital-portfolio', 'boostvc-portfolio', 'dcg-portfolio', 'hashkey-capital-portfolio', 'a16z-portfolio', 'winklevoss-capital-portfolio', 'pantera-capital-portfolio', 'web3', 'filecoin-ecosystem', 'sec-security-token', 'alleged-sec-securities']",445730722,1961453598,1.82924685424,237.24182637
"('Mantle', 'https://coinmarketcap.com/currencies/mantle/')",https://github.com/mantlenetworkio,"['ethereum-ecosystem', 'layer-2', 'dwf-labs-portfolio']",3234382070.7631407,6219316794.99,0.4075664573254086,0.5939725148326974
"('Lido DAO', 'https://coinmarketcap.com/currencies/lido-dao/')",https://github.com/lidofinance,"['defi', 'dao', 'three-arrows-capital-portfolio', 'paradigm-portfolio', 'arbitrum-ecosytem', 'liquid-staking-derivatives', 'optimism-ecosystem']",887722028.208254,1000000000,0.4060299707730653,11.002611501341855
"('Cronos', 'https://coinmarketcap.com/currencies/cronos/')",https://github.com/crypto-org-chain/chain-main,"['medium-of-exchange', 'cosmos-ecosystem', 'centralized-exchange', 'mobile', 'payments', 'injective-ecosystem']",25263013692,30263013692,0.0114866815226,0.9698063798210235
"('Aptos', 'https://coinmarketcap.com/currencies/aptos/')",,"['binance-labs-portfolio', 'aptos-ecosystem', 'circle-ventures-portfolio', 'layer-1']",228716640.08946207,1053281860.1104822,3.086972917064586,19.90315084342996
"('Quant', 'https://coinmarketcap.com/currencies/quant/')",https://github.com/quantnetwork/,"['platform', 'interoperability']",12072738,14881364.27,0.163629,428.38470116
"('Arbitrum', 'https://coinmarketcap.com/currencies/arbitrum/')",,"['scaling', 'dao', 'dapp', 'ethereum-ecosystem', 'polychain-capital-portfolio', 'layer-2', 'rollups', 'pantera-capital-portfolio', 'arbitrum-ecosytem']",1275000000,10000000000,0.8761928735049996,11.79699081779766
"('VeChain', 'https://coinmarketcap.com/currencies/vechain/')",https://github.com/vechain,"['logistics', 'data-provenance', 'iot', 'smart-contracts', 'fenbushi-capital-portfolio']",72714516834,85985041177,0.00167765732958,0.27821609
"('NEAR Protocol', 'https://coinmarketcap.com/currencies/near-protocol/')",https://github.com/nearprotocol/nearcore,"['platform', 'staking', 'coinbase-ventures-portfolio', 'three-arrows-capital-portfolio', 'arrington-xrp-capital-portfolio', 'coinfund-portfolio', 'electric-capital-portfolio', 'fabric-ventures-portfolio', 'kenetic-capital-portfolio', 'near-protocol-ecosystem', 'injective-ecosystem', 'circle-ventures-portfolio', 'sec-security-token', 'alleged-sec-securities']",941671517,1000000000,0.52596364,20.41834471901754
"('Optimism', 'https://coinmarketcap.com/currencies/optimism-ethereum/')",https://github.com/ethereum-optimism/,"['layer-2', 'optimism-ecosystem']",798517235,4294967296,0.40050768516633495,4.569154569994982
"('Maker', 'https://coinmarketcap.com/currencies/maker/')",https://github.com/makerdao,"['store-of-value', 'defi', 'dao', 'polychain-capital-portfolio', 'governance', 'lending-borowing', 'dragonfly-capital-portfolio', 'electric-capital-portfolio', 'a16z-portfolio', '1confirmation-portfolio', 'placeholder-ventures-portfolio', 'pantera-capital-portfolio', 'paradigm-portfolio', 'near-protocol-ecosystem', 'arbitrum-ecosytem', 'spartan-group', 'bnb-chain', 'real-world-assets']",977631.03695089,977631.03695089,21.059799194335938,6339.02421815
"('Aave', 'https://coinmarketcap.com/currencies/aave/')",https://github.com/aave,"['defi', 'dao', 'yield-farming', 'three-arrows-capital-portfolio', 'governance', 'lending-borowing', 'blockchain-capital-portfolio', 'defiance-capital-portfolio', 'framework-ventures-portfolio', 'alameda-research-portfolio', 'pantera-capital-portfolio', 'parafi-capital', 'polygon-ecosystem', 'fantom-ecosystem', 'optimism-ecosystem']",14528762.17039779,16000000,0,666.86497857
"('The Graph', 'https://coinmarketcap.com/currencies/the-graph/')",https://github.com/graphprotocol,"['ai-big-data', 'enterprise-solutions', 'defi', 'coinbase-ventures-portfolio', 'solana-ecosystem', 'analytics', 'coinfund-portfolio', 'dcg-portfolio', 'fabric-ventures-portfolio', 'framework-ventures-portfolio', 'ledgerprime-portfolio', 'multicoin-capital-portfolio', 'parafi-capital', 'polygon-ecosystem', 'fantom-ecosystem', 'web3', 'near-protocol-ecosystem', 'arbitrum-ecosytem', 'spartan-group', 'injective-ecosystem']",9175035790.864822,10742646535.459614,0,2.87513516
"('Algorand', 'https://coinmarketcap.com/currencies/algorand/')",https://github.com/algorand/go-algorand,"['pos', 'platform', 'research', 'smart-contracts', 'arrington-xrp-capital-portfolio', 'kenetic-capital-portfolio', 'usv-portfolio', 'multicoin-capital-portfolio', 'exnetwork-capital-portfolio', 'layer-1', 'dwf-labs-portfolio', 'sec-security-token', 'alleged-sec-securities']",7828352994.064799,7828352994.064799,0.08846028673416703,3.28017860614
"('XDC Network', 'https://coinmarketcap.com/currencies/xdc-network/')",https://github.com/xinfinorg,"['enterprise-solutions', 'smart-contracts', 'xdc-ecosystem', 'layer-1']",13860679975.65,37705012698.75,0.000157131627911,0.19387438
"('USDD', 'https://coinmarketcap.com/currencies/usdd/')",https://tronscan.org/#/contract/TPYmHEhy5n8TCEfYGqW2rPxsghSfzghPDn/code,"['stablecoin', 'algorithmic-stablecoin', 'arbitrum-ecosytem', 'usd-stablecoin']",725349478.401956,725349478.401956,0.9254333369528154,1.033364257647165
"('Axie Infinity', 'https://coinmarketcap.com/currencies/axie-infinity/')",,"['collectibles-nfts', 'gaming', 'binance-launchpad', 'metaverse', 'defiance-capital-portfolio', 'play-to-earn', 'animoca-brands-portfolio', 'sec-security-token', 'alleged-sec-securities']",140847525.92445415,270000000,0.12343134,165.36907993744018
"('The Sandbox', 'https://coinmarketcap.com/currencies/the-sandbox/')",,"['collectibles-nfts', 'content-creation', 'gaming', 'ethereum-ecosystem', 'binance-launchpad', 'metaverse', 'play-to-earn', 'animoca-brands-portfolio', 'sec-security-token', 'alleged-sec-securities']",2064931926.2233226,3000000000,0.02893886,8.442061299949462
"('Tezos', 'https://coinmarketcap.com/currencies/tezos/')",https://gitlab.com/tezos/tezos,"['pos', 'platform', 'enterprise-solutions', 'collectibles-nfts', 'defi', 'smart-contracts', 'polychain-capital-portfolio', 'boostvc-portfolio', 'winklevoss-capital-portfolio', 'layer-1']",951218268.299025,972241222.707432,0.314631309952,9.175448161770554
"('Stacks', 'https://coinmarketcap.com/currencies/stacks/')",https://github.com/stacks-network,"['mineable', 'platform', 'collectibles-nfts', 'defi', 'smart-contracts', 'metaverse', 'arrington-xrp-capital-portfolio', 'blockchain-capital-portfolio', 'dcg-portfolio', 'fabric-ventures-portfolio', 'hashkey-capital-portfolio', 'huobi-capital-portfolio', 'usv-portfolio', 'web3', 'injective-ecosystem', 'bitcoin-ecosystem']",1404474322.551949,1818000000,0.0450080485668,3.6104497319996463
"('MultiversX', 'https://coinmarketcap.com/currencies/multiversx-egld/')",https://github.com/multiversx,"['binance-launchpad', 'binance-labs-portfolio', 'electric-capital-portfolio', 'exnetwork-capital-portfolio', 'elrond-ecosystem', 'injective-ecosystem', 'bnb-chain', 'layer-1', 'dwf-labs-portfolio']",25911504,25916656,6.54362957,542.5796223449056
"('EOS', 'https://coinmarketcap.com/currencies/eos/')",https://github.com/AntelopeIO/leap,"['medium-of-exchange', 'enterprise-solutions', 'smart-contracts', 'eos', 'fenbushi-capital-portfolio', 'galaxy-digital-portfolio', 'dwf-labs-portfolio']",1101573535.9341,1101573535.9341,0.4801959991455078,22.890399932861328
"('Theta Network', 'https://coinmarketcap.com/currencies/theta-network/')",https://github.com/thetatoken,"['media', 'collectibles-nfts', 'content-creation', 'defi', 'video', 'metaverse', 'huobi-capital-portfolio', 'web3']",1000000000,1000000000,0.0397708726462,15.89840964
"('Immutable', 'https://coinmarketcap.com/currencies/immutable-x/')",,"['collectibles-nfts', 'zero-knowledge-proofs', 'gaming', 'scaling', 'layer-2', 'rollups', 'arrington-xrp-capital-portfolio', 'alameda-research-portfolio']",1123390886.9500241,2000000000,0,9.49739338704633
"('Injective', 'https://coinmarketcap.com/currencies/injective/')",https://github.com/InjectiveLabs,"['pos', 'platform', 'cosmos-ecosystem', 'ai-big-data', 'defi', 'smart-contracts', 'cosmos', 'binance-smart-chain', 'binance-launchpad', 'binance-labs-portfolio', 'cms-holdings-portfolio', 'pantera-capital-portfolio', 'web3']",83755555.66,100000000,0.65567454,25.00840848
"('Fantom', 'https://coinmarketcap.com/currencies/fantom/')",https://github.com/Fantom-Foundation,"['platform', 'enterprise-solutions', 'defi', 'research', 'scaling', 'smart-contracts', 'fantom-ecosystem', 'injective-ecosystem', 'layer-1']",2803434010.4693794,3175000000,0.0019529794406,3.481698198419688
"('Bitcoin SV', 'https://coinmarketcap.com/currencies/bitcoin-sv/')",https://github.com/bitcoin-sv/bitcoin-sv,"['mineable', 'pow', 'sha-256', 'medium-of-exchange', 'store-of-value', 'state-channel', 'bitcoin-ecosystem']",19266076.64423905,19266076.64423905,23.299089851920975,491.6353891
"('Decentraland', 'https://coinmarketcap.com/currencies/decentraland/')",https://github.com/decentraland/mana,"['platform', 'collectibles-nfts', 'gaming', 'payments', 'metaverse', 'boostvc-portfolio', 'dcg-portfolio', 'fabric-ventures-portfolio', 'kenetic-capital-portfolio', 'polygon-ecosystem', 'play-to-earn', 'sec-security-token', 'alleged-sec-securities']",1893095370.6427295,2193179327.320146,0.007883059792220592,5.902317189920042
"('Synthetix', 'https://coinmarketcap.com/currencies/synthetix/')",,"['services', 'decentralized-exchange-dex-token', 'defi', 'derivatives', 'dao', 'yield-farming', 'coinbase-ventures-portfolio', 'three-arrows-capital-portfolio', 'governance', 'synthetics', 'defiance-capital-portfolio', 'framework-ventures-portfolio', 'alameda-research-portfolio', 'parafi-capital', 'paradigm-portfolio', 'fantom-ecosystem', 'spartan-group', 'bnb-chain', 'optimism-ecosystem', 'real-world-assets', 'dwf-labs-portfolio', 'celsius-bankruptcy-estate']",269530256.13085556,323506696.0887736,0.0325776275658,28.77103007
"('Render', 'https://coinmarketcap.com/currencies/render/')",,"['art', 'media', 'vr-ar', 'ai-big-data', 'distributed-computing', 'collectibles-nfts', 'gaming', 'scaling', 'video', 'ethereum-ecosystem', 'solana-ecosystem', 'metaverse', 'alameda-research-portfolio', 'multicoin-capital-portfolio', 'polygon-ecosystem', 'web3']",371908453.10879594,530962614.97878325,0.036763626053,8.760767953398652
"('ApeCoin', 'https://coinmarketcap.com/currencies/apecoin-ape/')",,"['collectibles-nfts', 'content-creation', 'gaming', 'entertainment', 'dao', 'governance', 'metaverse', 'animoca-brands-portfolio']",368593750,1000000000,1.000394130455632,39.398856949363356
"('Pax Dollar', 'https://coinmarketcap.com/currencies/paxos-standard/')",https://github.com/paxosglobal/pax-contracts,"['store-of-value', 'stablecoin', 'asset-backed-stablecoin', 'bnb-chain', 'usd-stablecoin']",488345990.55068344,488345990.55068344,0.872764435084,2.0227706070856626
"('Neo', 'https://coinmarketcap.com/currencies/neo/')",https://github.com/neo-project/neo,"['platform', 'enterprise-solutions', 'smart-contracts']",70538831,100000000,0.07228679955005646,196.85299682617188
"('THORChain', 'https://coinmarketcap.com/currencies/thorchain/')",https://github.com/thorchain,"['cosmos-ecosystem', 'decentralized-exchange-dex-token', 'defi', 'dex', 'multicoin-capital-portfolio', 'exnetwork-capital-portfolio', 'injective-ecosystem']",338916972,485572954,0.00793864363964,21.26140054
"('Kava', 'https://coinmarketcap.com/currencies/kava/')",https://github.com/kava-labs,"['cosmos-ecosystem', 'defi', 'binance-launchpad', 'binance-labs-portfolio', 'lending-borowing', 'arrington-xrp-capital-portfolio', 'framework-ventures-portfolio', 'hashkey-capital-portfolio', 'injective-ecosystem', 'dwf-labs-portfolio']",739315555,739315555,0.299966614976,9.19263002
"('PAX Gold', 'https://coinmarketcap.com/currencies/pax-gold/')",https://github.com/paxosglobal/paxos-gold-contract,"['bnb-chain', 'tokenized-gold']",249134.667,249134.667,1387.97650287,3487.68483312
"('Tether Gold', 'https://coinmarketcap.com/currencies/tether-gold/')",,['tokenized-gold'],246524,246524,1408.88233399,2076.113175924836
"('eCash', 'https://coinmarketcap.com/currencies/ecash/')",https://github.com/bitcoin-abc,['layer-1'],19488223423093,19488223423093,1.73e-05,0.000592590659826054
"('Flow', 'https://coinmarketcap.com/currencies/flow/')",https://github.com/onflow,"['platform', 'collectibles-nfts', 'staking', 'coinbase-ventures-portfolio', 'coinfund-portfolio', 'dcg-portfolio', 'ledgerprime-portfolio', 'a16z-portfolio', 'animoca-brands-portfolio', 'layer-1', 'sec-security-token', 'alleged-sec-securities']",1036200000,1450656993,0.40372089017046503,46.16255049
"('Rocket Pool', 'https://coinmarketcap.com/currencies/rocket-pool/')",https://github.com/rocket-pool/rocketpool,"['defi', 'liquid-staking-derivatives']",19694369.84690771,19694369.84690771,0.0911751633458,154.7288747531403
"('Chiliz', 'https://coinmarketcap.com/currencies/chiliz/')",,"['sports', 'collectibles-nfts', 'content-creation', 'payments', 'layer-1', 'sec-security-token', 'alleged-sec-securities']",7401879904.822483,8888888888,0.0040007649349,0.89147509
"('Gala', 'https://coinmarketcap.com/currencies/gala/')",,"['collectibles-nfts', 'gaming', 'binance-smart-chain', 'polygon-ecosystem', 'play-to-earn', 'dwf-labs-portfolio']",23394531569.03367,25854795517.4378,0.00015101,0.8366854878441121
"('Klaytn', 'https://coinmarketcap.com/currencies/klaytn/')",https://github.com/klaytn/klaytn,"['platform', 'enterprise-solutions', 'injective-ecosystem']",3189867016.0609,5775564179.0609,0.0573281123455,4.38245456
"('KuCoin Token', 'https://coinmarketcap.com/currencies/kucoin-token/')",,"['marketplace', 'centralized-exchange', 'discount-token', 'algorand-ecosystem']",96732986.425851,144232986.425767,0.336503927826,28.795176559830317
"('Frax Share', 'https://coinmarketcap.com/currencies/frax-share/')",https://github.com/fraxfinance,"['defi', 'seigniorage', 'avalanche-ecosystem', 'exnetwork-capital-portfolio', 'olympus-pro-ecosystem', 'arbitrum-ecosytem', 'liquid-staking-derivatives']",73377006.45214763,99681495.59113361,1.51670697,42.67301505828751
"('IOTA', 'https://coinmarketcap.com/currencies/iota/')",https://github.com/iotaledger,"['dag', 'medium-of-exchange', 'iot', 'sharing-economy', 'dwf-labs-portfolio']",2779530283,2779530283,0.0796197338733,5.6900200843811035
"('Zcash', 'https://coinmarketcap.com/currencies/zcash/')",https://github.com/zcash/zcash,"['mineable', 'pow', 'equihash', 'medium-of-exchange', 'privacy', 'zero-knowledge-proofs', 'binance-chain', 'boostvc-portfolio', 'dcg-portfolio', 'electric-capital-portfolio', 'fenbushi-capital-portfolio', 'hashkey-capital-portfolio', 'winklevoss-capital-portfolio', 'placeholder-ventures-portfolio', 'pantera-capital-portfolio', 'bnb-chain']",16328268.75,16328268.75,18.9365740841,5941.7998046875
"('Casper', 'https://coinmarketcap.com/currencies/casper/')",https://github.com/casper-network/,"['enterprise-solutions', 'arrington-xrp-capital-portfolio', 'hashkey-capital-portfolio', 'web3', 'okex-blockdream-ventures-portfolio']",11293172308,11983862864,0.022350019407034336,1.36330943
"('Sui', 'https://coinmarketcap.com/currencies/sui/')",https://github.com/MystenLabs,"['binance-launchpool', 'coinbase-ventures-portfolio', 'binance-labs-portfolio', 'electric-capital-portfolio', 'a16z-portfolio', 'layer-1']",791777575.076923,10000000000,0.461967452847845,1.7175938887959634
"('Huobi Token', 'https://coinmarketcap.com/currencies/huobi-token/')",,"['marketplace', 'centralized-exchange', 'discount-token', 'payments', 'algorand-ecosystem', 'kenetic-capital-portfolio', 'alameda-research-portfolio', 'multicoin-capital-portfolio']",162233844,203980445,0.890308491246,39.81492572
"('BitTorrent(New)', 'https://coinmarketcap.com/currencies/bittorrent-new/')",https://github.com/bittorrent,"['platform', 'distributed-computing', 'filesharing', 'interoperability', 'staking', 'tron-ecosystem', 'storage', 'binance-launchpad', 'binance-labs-portfolio', 'web3', 'bnb-chain', 'sec-security-token', 'alleged-sec-securities']",951421714286000,990000000000000,4.02623267202e-07,3.054389068335e-06
"('Curve DAO Token', 'https://coinmarketcap.com/currencies/curve-dao-token/')",https://github.com/curvefi/curve-contract,"['decentralized-exchange-dex-token', 'defi', 'dao', 'yield-farming', 'amm', 'governance', 'framework-ventures-portfolio', 'alameda-research-portfolio', 'polygon-ecosystem', 'fantom-ecosystem', 'arbitrum-ecosytem', 'optimism-ecosystem', 'dwf-labs-portfolio']",870776392,2005303117.8852937,0.33159819,60.4987938093
"('Conflux', 'https://coinmarketcap.com/currencies/conflux-network/')",https://github.com/Conflux-Chain,"['mineable', 'pow', 'platform', 'collectibles-nfts', 'defi', 'payments', 'research', 'smart-contracts', 'staking', 'hybrid-pow-dpos', 'huobi-capital-portfolio', 'web3', 'injective-ecosystem', 'bnb-chain', 'dwf-labs-portfolio']",3172247738.3677006,5278164274,0.021909136906575016,1.70377503
"('Mina', 'https://coinmarketcap.com/currencies/mina/')",https://github.com/MinaProtocol/mina,"['pos', 'zero-knowledge-proofs', 'staking', 'coinbase-ventures-portfolio', 'three-arrows-capital-portfolio', 'polychain-capital-portfolio']",961708980.8400393,1070026732.8400393,0.36167656207138055,9.91409787
"('GateToken', 'https://coinmarketcap.com/currencies/gatetoken/')",https://github.com/gatechain,"['marketplace', 'centralized-exchange', 'discount-token', 'algorand-ecosystem', 'ftx-bankruptcy-estate']",96041908.69627261,300000000,0.266692523836,13.08734961
"('Terra Classic', 'https://coinmarketcap.com/currencies/terra-luna/')",https://github.com/terra-money/core,"['cosmos-ecosystem', 'store-of-value', 'defi', 'payments', 'coinbase-ventures-portfolio', 'binance-labs-portfolio', 'solana-ecosystem', 'arrington-xrp-capital-portfolio', 'hashkey-capital-portfolio', 'kenetic-capital-portfolio', 'huobi-capital-portfolio', 'pantera-capital-portfolio', 'terra-ecosystem', 'injective-ecosystem', 'sec-security-token', 'alleged-sec-securities']",5801044817489.433,6836980626184.177,1.6754152692065e-05,119.18462385854534
"('Trust Wallet Token', 'https://coinmarketcap.com/currencies/trust-wallet-token/')",https://github.com/trustwallet,"['wallet', 'polygon-ecosystem', 'bnb-chain']",416649900,999668148,0.00647761834255,2.7177649227203773
"('Pepe', 'https://coinmarketcap.com/currencies/pepe/')",,['memes'],391790000000000,420690000000000,2.7637825972e-08,4.353941887412e-06
"('dYdX', 'https://coinmarketcap.com/currencies/dydx/')",https://github.com/dydxfoundation/,"['defi', 'derivatives', 'zero-knowledge-proofs', 'three-arrows-capital-portfolio', 'paradigm-portfolio', 'spartan-group']",156256174,1000000000,0,27.778796999260358
"('Compound', 'https://coinmarketcap.com/currencies/compound/')",https://github.com/compound-finance/compound-protocol,"['defi', 'dao', 'yield-farming', 'coinbase-ventures-portfolio', 'three-arrows-capital-portfolio', 'polychain-capital-portfolio', 'lending-borowing', 'dragonfly-capital-portfolio', 'alameda-research-portfolio', 'a16z-portfolio', 'pantera-capital-portfolio', 'paradigm-portfolio', 'arbitrum-ecosytem', 'bnb-chain']",7815297.80596197,10000000,25.546896083024585,911.1978339
"('Nexo', 'https://coinmarketcap.com/currencies/nexo/')",https://github.com/nexofinance/NEXO-Token/,"['services', 'payments', 'cardano-ecosystem', 'alleged-sec-securities']",560000011,1000000000,0.0433327,4.625207707279189
"('GMX', 'https://coinmarketcap.com/currencies/gmx/')",,"['derivatives', 'dex', 'avalanche-ecosystem', 'arbitrum-ecosytem']",8994912.67322495,9434800.55769641,0,217.31535780743235
"('Bone ShibaSwap', 'https://coinmarketcap.com/currencies/bone-shibaswap/')",,"['memes', 'doggone-doggerel']",229923350.6228802,230003022.82484713,0.2899439613065162,41.67355339721391
"('APENFT', 'https://coinmarketcap.com/currencies/apenft/')",,"['art', 'collectibles-nfts', 'tron-ecosystem']",990105683025576.6,999990000000000,2.88884040432e-07,7.64e-06
"('WOO Network', 'https://coinmarketcap.com/currencies/wootrade/')",,"['centralized-exchange', 'three-arrows-capital-portfolio', 'exnetwork-capital-portfolio', 'polygon-ecosystem', 'arbitrum-ecosytem', 'mvb', 'vbc-ventures-portfolio', 'injective-ecosystem', 'bnb-chain']",1741116976.5828114,2250658857.901858,0,2.480697056195773
"('Gemini Dollar', 'https://coinmarketcap.com/currencies/gemini-dollar/')",https://github.com/gemini/dollar,"['store-of-value', 'stablecoin', 'asset-backed-stablecoin', 'usd-stablecoin']",310074646.15,310074646.15,0.852119980932,1.2737429564187277
"('Flare', 'https://coinmarketcap.com/currencies/flare/')",https://github.com/flare-foundation/,['dwf-labs-portfolio'],22909723890.968754,100559787198,0.01229629733087778,0.0797
"('Astar', 'https://coinmarketcap.com/currencies/astar/')",https://github.com/AstarNetwork/Astar,"['polkadot', 'polkadot-ecosystem', 'okex-blockdream-ventures-portfolio']",5239612932,7915282797,0.03218635727034006,0.335348416737348
"('Dash', 'https://coinmarketcap.com/currencies/dash/')",https://github.com/dashpay/dash,"['mineable', 'hybrid-pow-pos', 'x11', 'medium-of-exchange', 'privacy', 'masternodes', 'dao', 'governance', 'alleged-sec-securities']",11438112.16479656,11438112.16479656,0.21389900147914886,1642.219970703125
"('Akash Network', 'https://coinmarketcap.com/currencies/akash-network/')",,"['cosmos-ecosystem', 'ai-big-data', 'distributed-computing', 'web3', 'injective-ecosystem']",217829336.546237,217829336.546237,0.1672394558448768,8.08130183
"('PancakeSwap', 'https://coinmarketcap.com/currencies/pancakeswap/')",https://github.com/pancakeswap,"['collectibles-nfts', 'decentralized-exchange-dex-token', 'defi', 'smart-contracts', 'yield-farming', 'amm', 'binance-smart-chain', 'dex', 'governance', 'aptos-ecosystem']",224421476.86612025,398511938.65694344,0.00023177,44.18234972
"('MX TOKEN', 'https://coinmarketcap.com/currencies/mx-token/')",,"['marketplace', 'centralized-exchange', 'discount-token']",100709834,433522334,0.0420566690384,3.7015773960438545
"('Arweave', 'https://coinmarketcap.com/currencies/arweave/')",https://github.com/ArweaveTeam/arweave,"['distributed-computing', 'filesharing', 'storage', 'coinbase-ventures-portfolio', 'solana-ecosystem', 'arrington-xrp-capital-portfolio', 'blockchain-capital-portfolio', 'a16z-portfolio', 'multicoin-capital-portfolio', 'web3']",65454185,65454185,0.485449842644,90.94004420870436
"('Zilliqa', 'https://coinmarketcap.com/currencies/zilliqa/')",https://github.com/Zilliqa/Zilliqa,"['mineable', 'platform', 'payments', 'smart-contracts', 'polychain-capital-portfolio', 'metaverse', 'kenetic-capital-portfolio', 'zilliqa-ecosystem', 'bnb-chain']",15867699446.7699,18004809384.377396,0.00247720674605,0.25629331
"('Oasis Network', 'https://coinmarketcap.com/currencies/oasis-network/')",https://github.com/oasisprotocol/oasis-core,"['cosmos-ecosystem', 'ai-big-data', 'collectibles-nfts', 'defi', 'privacy', 'scaling', 'smart-contracts', 'polychain-capital-portfolio', 'binance-labs-portfolio', 'arrington-xrp-capital-portfolio', 'blockchain-capital-portfolio', 'dragonfly-capital-portfolio', 'electric-capital-portfolio', 'kenetic-capital-portfolio', 'huobi-capital-portfolio', 'a16z-portfolio', 'winklevoss-capital-portfolio', 'pantera-capital-portfolio', 'injective-ecosystem']",6542267493,10000000000,0.03204935,0.5963579420049011
"('Gnosis', 'https://coinmarketcap.com/currencies/gnosis-gno/')",,"['services', 'decentralized-exchange-dex-token', 'defi', 'prediction-markets', 'kenetic-capital-portfolio', 'arbitrum-ecosytem']",2589588,3000000,7.05027795992,1088.8656450619212
"('Basic Attention Token', 'https://coinmarketcap.com/currencies/basic-attention-token/')",https://github.com/brave-intl/bat-ledger,"['marketing', 'content-creation', 'defi', 'payments', 'dcg-portfolio', '1confirmation-portfolio', 'pantera-capital-portfolio', 'web3', 'bnb-chain']",1489950991.7326057,1500000000,0.06620930135250092,1.920939641411345
"('SafePal', 'https://coinmarketcap.com/currencies/safepal/')",https://github.com/SafePalWallet,"['wallet', 'binance-launchpad', 'injective-ecosystem', 'bnb-chain']",500000000,500000000,0.26738803809584405,4.38887661
"('1inch Network', 'https://coinmarketcap.com/currencies/1inch/')",https://github.com/1inch,"['decentralized-exchange-dex-token', 'defi', 'wallet', 'amm', 'binance-labs-portfolio', 'blockchain-capital-portfolio', 'dragonfly-capital-portfolio', 'fabric-ventures-portfolio', 'alameda-research-portfolio', 'parafi-capital', 'spartan-group', 'bnb-chain', 'celsius-bankruptcy-estate']",1029227794.1869363,1500000000,0.22391639235787264,7.86665504
"('Sei', 'https://coinmarketcap.com/currencies/sei/')",https://github.com/sei-protocol,"['coinbase-ventures-portfolio', 'multicoin-capital-portfolio', 'layer-1', 'jump-crypto', 'sei-ecosystem']",1800000000,10000000000,0.007989041448526595,0.2735580491106435
"('Chia', 'https://coinmarketcap.com/currencies/chia-network/')",https://github.com/Chia-Network/chia-blockchain,[],8358160,29358160,26.098727724836962,1934.50687188
"('Loopring', 'https://coinmarketcap.com/currencies/loopring/')",https://github.com/loopring,"['marketplace', 'decentralized-exchange-dex-token', 'defi', 'zero-knowledge-proofs', 'scaling', 'smart-contracts', 'wallet', 'ethereum-ecosystem', 'amm', 'dex', 'layer-2', 'rollups', 'red-packets', 'web3', 'token', 'arbitrum-ecosytem']",1331547704.540041,1373873397.4424574,0.019860698096,3.827154981643715
"('Enjin Coin', 'https://coinmarketcap.com/currencies/enjin-coin/')",https://github.com/enjin/,"['media', 'collectibles-nfts', 'gaming', 'ethereum-ecosystem', 'metaverse', 'arrington-xrp-capital-portfolio']",1000000000,1000000000,0.01561960019171238,4.846962115846244
"('Helium', 'https://coinmarketcap.com/currencies/helium/')",https://github.com/helium/,"['mineable', 'enterprise-solutions', 'distributed-computing', 'iot', 'usv-portfolio', 'multicoin-capital-portfolio', 'web3']",143934820.83030766,223000000,0.253390913127,55.218178738443264
"('Qtum', 'https://coinmarketcap.com/currencies/qtum/')",https://github.com/qtumproject/qtum/,"['platform', 'smart-contracts', 'kenetic-capital-portfolio', 'bitcoin-ecosystem']",104755842,107822406,0.770017723731,106.8759994506836
"('Ethereum Name Service', 'https://coinmarketcap.com/currencies/ethereum-name-service/')",https://github.com/ensdomains,"['dao', 'governance', 'web3']",29639149.79943901,100000000,6.934779194646484,85.68745026316928
"('NEM', 'https://coinmarketcap.com/currencies/nem/')",https://github.com/NemProject,"['poi', 'medium-of-exchange', 'payments', 'smart-contracts', 'fantom-ecosystem']",8999999999,8999999999,7.9299803473987e-05,2.0918800830841064
"('Bitcoin Gold', 'https://coinmarketcap.com/currencies/bitcoin-gold/')",https://github.com/BTCGPU/BTCGPU,"['mineable', 'medium-of-exchange', 'payments', 'bitcoin-ecosystem']",17513923.589,17513923.589,2.53655484,539.719970703125
"('SingularityNET', 'https://coinmarketcap.com/currencies/singularitynet/')",https://github.com/singnet/,"['marketplace', 'ai-big-data', 'payments', 'cross-chain-dex-aggregator']",1232684305.8849297,1324917189.0618732,0.00749671479908,1.8589099645614624
"('Convex Finance', 'https://coinmarketcap.com/currencies/convex-finance/')",https://github.com/convex-eth/platform,"['defi', 'yield-aggregator']",80210779.48183702,98851228.30098267,1.88173169,62.68817812800717
"('Mask Network', 'https://coinmarketcap.com/currencies/mask-network/')",https://github.com/DimensionDev/Maskbook,"['communications-social-media', 'collectibles-nfts', 'content-creation', 'ethereum-ecosystem', 'metaverse', 'polygon-ecosystem', 'web3', 'animoca-brands-portfolio', 'injective-ecosystem', 'bnb-chain', 'dwf-labs-portfolio']",82112500,100000000,0.9752408133272175,97.91962343
"('Celo', 'https://coinmarketcap.com/currencies/celo/')",https://github.com/celo-org/celo-monorepo/,"['pos', 'zero-knowledge-proofs', 'mobile', 'payments', 'smart-contracts', 'coinbase-ventures-portfolio', 'polychain-capital-portfolio', 'dragonfly-capital-portfolio', 'electric-capital-portfolio', 'a16z-portfolio', 'celo-ecosystem', 'dwf-labs-portfolio']",511790944,1000000000,0.373239467642135,10.6583577
"('Theta Fuel', 'https://coinmarketcap.com/currencies/theta-fuel/')",https://github.com/thetatoken/theta-protocol-ledger,"['media', 'content-creation', 'defi', 'payments']",6266584918,6266584918,0.000889723475662,0.68071584
"('Decred', 'https://coinmarketcap.com/currencies/decred/')",https://github.com/decred/,"['mineable', 'hybrid-pow-pos', 'blake256', 'medium-of-exchange', 'store-of-value', 'privacy', 'dao', 'placeholder-ventures-portfolio']",15450443.10139106,15450443.10139106,0.3947960138320923,250.01641845
"('Ankr', 'https://coinmarketcap.com/currencies/ankr/')",https://github.com/Ankr-network,"['platform', 'cosmos-ecosystem', 'enterprise-solutions', 'defi', 'filesharing', 'staking', 'substrate', 'pantera-capital-portfolio', 'polygon-ecosystem', 'celo-ecosystem', 'injective-ecosystem', 'bnb-chain', 'liquid-staking-derivatives']",10000000000,10000000000,0.000711080622353,0.22517936
"('Ravencoin', 'https://coinmarketcap.com/currencies/ravencoin/')",https://github.com/RavenProject/Ravencoin,"['mineable', 'pow', 'platform', 'crowdfunding']",12930516159.705597,12930516159.705597,0.00879405250642,0.28542094
"('Osmosis', 'https://coinmarketcap.com/currencies/osmosis/')",https://github.com/osmosis-labs/osmosis,"['cosmos-ecosystem', 'injective-ecosystem']",492590761,587378721,0.35064113024775634,11.205719225524819
"('Ocean Protocol', 'https://coinmarketcap.com/currencies/ocean-protocol/')",https://github.com/oceanprotocol,"['platform', 'ai-big-data', 'defi', 'filesharing', 'dao', 'substrate', 'storage', 'dcg-portfolio', 'fabric-ventures-portfolio', 'polygon-ecosystem', 'web3', 'injective-ecosystem']",613099140.9978136,613099141,0.0135096436505,1.94132829
"('yearn.finance', 'https://coinmarketcap.com/currencies/yearn-finance/')",https://github.com/yearn/iearn-finance,"['defi', 'dao', 'yield-farming', 'yield-aggregator', 'yearn-partnerships', 'three-arrows-capital-portfolio', 'polychain-capital-portfolio', 'governance', 'blockchain-capital-portfolio', 'framework-ventures-portfolio', 'alameda-research-portfolio', 'parafi-capital', 'fantom-ecosystem', 'arbitrum-ecosytem', 'bnb-chain']",33038.91033932,36646.54102475,739.439122489,93435.53362241
"('Livepeer', 'https://coinmarketcap.com/currencies/livepeer/')",https://github.com/livepeer,"['coinfund-portfolio', 'dcg-portfolio', 'pantera-capital-portfolio', 'multicoin-capital-portfolio', 'web3', 'arbitrum-ecosytem']",28904919.55697455,28904919.55697455,0.420586727745,100.24478173730876
"('Holo', 'https://coinmarketcap.com/currencies/holo/')",https://github.com/holochain/holochain-rust,"['platform', 'distributed-computing', 'filesharing', 'storage']",171989009269.20355,177619433541.14133,0.000218929983954,0.03156761
"('JUST', 'https://coinmarketcap.com/currencies/just/')",,"['defi', 'tron-ecosystem']",8902080000,9900000000,0.00476612780651,0.20825091
"('STEPN', 'https://coinmarketcap.com/currencies/green-metaverse-token/')",,"['collectibles-nfts', 'gaming', 'binance-smart-chain', 'binance-launchpad', 'solana-ecosystem', 'bnb-chain', 'move-to-earn']",1102507485.7180586,5428307505.718059,0.10034439575429034,4.114427206028121
"('Balancer', 'https://coinmarketcap.com/currencies/balancer/')",https://github.com/balancer-labs,"['decentralized-exchange-dex-token', 'defi', 'dao', 'yield-farming', 'amm', 'three-arrows-capital-portfolio', 'governance', 'coinfund-portfolio', 'alameda-research-portfolio', 'placeholder-ventures-portfolio', 'pantera-capital-portfolio', 'near-protocol-ecosystem', 'arbitrum-ecosytem', 'optimism-ecosystem', 'base-ecosystem']",51907105.3443317,58908180.42170586,3.3314404819693615,74.77226165
"('aelf', 'https://coinmarketcap.com/currencies/aelf/')",https://github.com/aelfProject,"['marketplace', 'enterprise-solutions', 'arrington-xrp-capital-portfolio', 'huobi-capital-portfolio', 'bnb-chain']",623487667.15919,1000000000,0.0350131599961,2.7656800746917725
"('Fetch.ai', 'https://coinmarketcap.com/currencies/fetch/')",https://github.com/fetchai,"['cosmos-ecosystem', 'ai-big-data', 'collectibles-nfts', 'iot', 'binance-launchpad', 'web3', 'injective-ecosystem', 'dwf-labs-portfolio']",818505334.1127621,1152997575,0.00827034467596,1.18980862
"('Blur', 'https://coinmarketcap.com/currencies/blur-token/')",,['collectibles-nfts'],893737661.7199391,3000000000,0.177614083849413,45.97859046830362
"('Waves', 'https://coinmarketcap.com/currencies/waves/')",https://github.com/wavesplatform/,"['lpos', 'platform', 'smart-contracts', 'dwf-labs-portfolio']",112389844,112389844,0.12268400192260742,62.35569555868911
"('Golem', 'https://coinmarketcap.com/currencies/golem-network-tokens/')",https://github.com/golemfactory/golem,"['platform', 'distributed-computing', 'payments', 'polygon-ecosystem', 'web3']",1000000000,1000000000,0.008797160349786282,1.2535300254821777
"('Aragon', 'https://coinmarketcap.com/currencies/aragon/')",,"['platform', 'enterprise-solutions', 'dao', 'ethereum-ecosystem', 'governance', 'boostvc-portfolio', 'placeholder-ventures-portfolio', 'web3']",40029851.92983684,43166684.9958761,0.285791,14.78906837
"('Audius', 'https://coinmarketcap.com/currencies/audius/')",,"['music', 'dao', 'coinbase-ventures-portfolio', 'binance-labs-portfolio', 'solana-ecosystem', 'pantera-capital-portfolio', 'multicoin-capital-portfolio', 'web3']",1113298607,1201020974,0.07774225,4.99437346
"('JasmyCoin', 'https://coinmarketcap.com/currencies/jasmy/')",,"['iot', 'ethereum-ecosystem', 'dwf-labs-portfolio']",48899999998.88511,50000000000,0.002747024523852261,4.99431527
"('FLOKI', 'https://coinmarketcap.com/currencies/floki-inu/')",https://github.com/floki-inu,"['gaming', 'memes', 'metaverse', 'doggone-doggerel', 'play-to-earn', 'bnb-chain', 'dwf-labs-portfolio']",9435129994046.904,9942293493728.045,2e-08,0.000343669907977846
"('Threshold', 'https://coinmarketcap.com/currencies/threshold/')",https://github.com/threshold-network,['bitcoin-ecosystem'],8956309596.342915,10515000000,0.014732324903177782,0.22445049623222693
"('ICON', 'https://coinmarketcap.com/currencies/icon/')",https://github.com/icon-project,"['platform', 'enterprise-solutions', 'interoperability', 'smart-contracts', 'kenetic-capital-portfolio', 'pantera-capital-portfolio']",966242564.6422005,966243241.9755777,0.106937427298,12.638699531555176
"('Kusama', 'https://coinmarketcap.com/currencies/kusama/')",https://github.com/kusamanetwork,"['substrate', 'polkadot-ecosystem', 'cms-holdings-portfolio', 'kenetic-capital-portfolio', '1confirmation-portfolio', 'vbc-ventures-portfolio']",8470098.05726206,9651217.45126206,0.915787390828,623.75283412
"('Siacoin', 'https://coinmarketcap.com/currencies/siacoin/')",https://github.com/SiaFoundation,"['mineable', 'pow', 'blake2b', 'platform', 'distributed-computing', 'filesharing', 'storage', 'dragonfly-capital-portfolio', 'fenbushi-capital-portfolio', 'paradigm-portfolio', 'web3', 'near-protocol-ecosystem']",54954042153.03631,54977025000,1.1310199624859e-05,0.11170800030231476
"('Worldcoin', 'https://coinmarketcap.com/currencies/worldcoin-org/')",https://github.com/worldcoin,"['privacy', 'zero-knowledge-proofs', 'identity', 'ethereum-ecosystem', 'governance', 'blockchain-capital-portfolio', 'a16z-portfolio', 'token', 'optimism-ecosystem']",128433797.19467735,10000000000,1.0997038503452798,3.584865801075779
"('Solar', 'https://coinmarketcap.com/currencies/sxp/')",https://github.com/Solar-network,"['medium-of-exchange', 'defi', 'payments', 'wallet', 'binance-labs-portfolio', 'alameda-research-portfolio', 'bnb-chain']",576442365.6008824,576442365.6008824,0.161018149265,5.85616141
"('Terra', 'https://coinmarketcap.com/currencies/terra-luna-v2/')",https://github.com/terra-money/core,['alleged-sec-securities'],365149870.975198,1004262701,0.3800883139346153,19.543333500985746
"('Illuvium', 'https://coinmarketcap.com/currencies/illuvium/')",,"['collectibles-nfts', 'gaming', 'dao', 'metaverse', 'play-to-earn']",3549631.67525912,7787991.21280331,29.76899135,2868.94660798
"('Hive', 'https://coinmarketcap.com/currencies/hive-blockchain/')",https://github.com/openhive-network/hive,"['dpos', 'media', 'content-creation', 'scaling', 'web3']",500749242.945,500749242.945,0.0869425890031,3.418294589422955
"('0x Protocol', 'https://coinmarketcap.com/currencies/0x/')",https://github.com/0xProject,"['platform', 'decentralized-exchange-dex-token', 'defi', 'scaling', 'dao', 'substrate', 'polkadot', 'polkadot-ecosystem', 'polychain-capital-portfolio', 'governance', 'blockchain-capital-portfolio', 'boostvc-portfolio', 'fabric-ventures-portfolio', 'kenetic-capital-portfolio', 'placeholder-ventures-portfolio', 'pantera-capital-portfolio', 'celsius-bankruptcy-estate']",847496054.8027713,1000000000,0.1039619967341423,2.531409978866577
"('EthereumPoW', 'https://coinmarketcap.com/currencies/ethereum-pow/')",https://github.com/ethereumpow,['pow'],107818999.04993,107818999.04993,1.2694808769653356,141.36226499471468
"('Ontology', 'https://coinmarketcap.com/currencies/ontology/')",https://github.com/ontio,"['enterprise-solutions', 'identity', 'metaverse', 'huobi-capital-portfolio', 'fantom-ecosystem', 'web3', 'near-protocol-ecosystem', 'bnb-chain']",875249524,1000000000,0.14575804135471596,11.176600456237793
"('ssv.network', 'https://coinmarketcap.com/currencies/ssv-network/')",https://github.com/bloxapp/ssv-web,[],10000000,11012871,3.676640212283031,49.51039729076078
"('Moonbeam', 'https://coinmarketcap.com/currencies/moonbeam/')",https://github.com/PureStake/moonbeam,"['smart-contracts', 'substrate', 'polkadot', 'polkadot-ecosystem', 'binance-labs-portfolio', 'arrington-xrp-capital-portfolio', 'injective-ecosystem']",719044991,1082805002,0.18274470473458695,29.841004580152095
"('IOST', 'https://coinmarketcap.com/currencies/iostoken/')",,"['hardware', 'iot', 'huobi-capital-portfolio']",18708894189,18708894189,0.00156203910694,0.13649600744247437
"('Band Protocol', 'https://coinmarketcap.com/currencies/band-protocol/')",https://github.com/bandprotocol,"['cosmos-ecosystem', 'defi', 'oracles', 'binance-chain', 'binance-launchpad', 'binance-labs-portfolio', 'solana-ecosystem', 'polygon-ecosystem', 'fantom-ecosystem', 'web3', 'near-protocol-ecosystem', 'spartan-group', 'injective-ecosystem', 'bnb-chain']",133593407.862647,137993407.862647,0.20418145516,23.19291368
"('Biconomy', 'https://coinmarketcap.com/currencies/biconomy/')",https://github.com/bcnmy,"['platform', 'interoperability', 'coinbase-ventures-portfolio', 'binance-labs-portfolio', 'fenbushi-capital-portfolio', 'mvb']",657617262.0365486,1000000000,0.19769673430916693,21.871587443115022
"('Harmony', 'https://coinmarketcap.com/currencies/harmony/')",https://github.com/harmony-one,"['platform', 'enterprise-solutions', 'scaling', 'smart-contracts', 'binance-launchpad', 'binance-labs-portfolio', 'hashkey-capital-portfolio', 'harmony-ecosystem', 'injective-ecosystem', 'bnb-chain']",13506810872.442501,14028135872.442514,0.00125670166096,0.3798319197326405
"('WAX', 'https://coinmarketcap.com/currencies/wax/')",https://github.com/worldwide-asset-exchange/,"['media', 'collectibles-nfts', 'gaming', 'entertainment', 'payments', 'metaverse', 'galaxy-digital-portfolio', 'kenetic-capital-portfolio', 'play-to-earn', 'okex-blockdream-ventures-portfolio']",3348370142.0340385,4041437578.07302,0.0159612466175,5.012209892272949
"('SushiSwap', 'https://coinmarketcap.com/currencies/sushiswap/')",https://github.com/sushiswap/sushiswap,"['collectibles-nfts', 'decentralized-exchange-dex-token', 'defi', 'dao', 'yield-farming', 'amm', 'yearn-partnerships', 'governance', 'avalanche-ecosystem', 'metaverse', 'blockchain-capital-portfolio', 'defiance-capital-portfolio', 'alameda-research-portfolio', 'pantera-capital-portfolio', 'polygon-ecosystem', 'fantom-ecosystem', 'arbitrum-ecosytem', 'harmony-ecosystem', 'injective-ecosystem', 'bnb-chain']",231030873.35066673,249576928.0720275,0.47367492,23.38225619
"('Axelar', 'https://coinmarketcap.com/currencies/axelar/')",https://github.com/axelarnetwork,"['interoperability', 'ethereum-ecosystem', 'coinbase-ventures-portfolio', 'polychain-capital-portfolio', 'binance-labs-portfolio', 'galaxy-digital-portfolio', 'base-ecosystem', 'sei-ecosystem']",384301452.03707296,1091122731.429877,0.32730431160122314,1.1359915176188946
"('IoTeX', 'https://coinmarketcap.com/currencies/iotex/')",https://github.com/iotexproject/iotex-core,"['platform', 'iot', 'hashkey-capital-portfolio', 'kenetic-capital-portfolio', 'iotex-ecosystem', 'bnb-chain']",9444688330,9444688334,0.00123909173461,0.2610923318933593
"('MAGIC', 'https://coinmarketcap.com/currencies/magic-token/')",https://github.com/TreasureProject/,"['gaming', 'metaverse', 'arbitrum-ecosytem']",234751813.154059,339645510.31797594,0.1837424450037684,6.31750663001298
"('Merit Circle', 'https://coinmarketcap.com/currencies/merit-circle/')",,"['gaming', 'binance-launchpool', 'governance', 'play-to-earn', 'token', 'gaming-guild', 'spartan-group', 'dwf-labs-portfolio']",427794517.43956816,632384087.9541258,0.16155560879592154,45.2355360753287
"('TerraClassicUSD', 'https://coinmarketcap.com/currencies/terrausd/')",https://github.com/terra-project,"['cosmos-ecosystem', 'stablecoin', 'algorithmic-stablecoin', 'seigniorage', 'terra-ecosystem', 'injective-ecosystem', 'bnb-chain', 'usd-stablecoin', 'alleged-sec-securities']",9789053106.210356,9794674361.753147,0.006217587153532048,1.04679
"('Kadena', 'https://coinmarketcap.com/currencies/kadena/')",https://github.com/kadena-io/chainweb-node,"['mineable', 'pow', 'blake2s', 'platform', 'smart-contracts', 'coinfund-portfolio', 'multicoin-capital-portfolio', 'web3', 'layer-1', 'kadena-ecosystem']",245754835.26208,1000000000,0.12130507,28.246047910135935
"('UniBot', 'https://coinmarketcap.com/currencies/unibot-eth/')",,"['ethereum-ecosystem', 'telegram-bot']",1000000,1000000,15.316351204840592,236.43365030694815
"('BORA', 'https://coinmarketcap.com/currencies/bora/')",,"['marketplace', 'gaming']",993750000,1205750000,0.00621040183605,1.6559441921288984
"('Nervos Network', 'https://coinmarketcap.com/currencies/nervos-network/')",https://github.com/nervosnetwork,"['mineable', 'pow', 'platform', 'collectibles-nfts', 'defi', 'interoperability', 'research', 'scaling', 'smart-contracts', 'dao', 'polychain-capital-portfolio', 'rollups', 'blockchain-capital-portfolio', 'cms-holdings-portfolio', 'dragonfly-capital-portfolio', 'electric-capital-portfolio', 'hashkey-capital-portfolio', 'huobi-capital-portfolio', '1confirmation-portfolio', 'multicoin-capital-portfolio', 'web3']",42065938884.95885,42688340356.574715,0.002083401220247072,0.04412336
"('DigiByte', 'https://coinmarketcap.com/currencies/digibyte/')",https://github.com/DigiByte-Core,"['mineable', 'pow', 'multiple-algorithms', 'medium-of-exchange', 'collectibles-nfts', 'iot', 'payments']",16476501234.287603,16476501234.287603,2.0277000658098e-05,0.18247118
"('Stargate Finance', 'https://coinmarketcap.com/currencies/stargate-finance/')",,"['ethereum-ecosystem', 'avalanche-ecosystem', 'polygon-ecosystem', 'fantom-ecosystem', 'arbitrum-ecosytem', 'cross-chain', 'optimism-ecosystem']",204338417.4544445,1000000000,0.10162599944782422,4.283844483496619
"('DAO Maker', 'https://coinmarketcap.com/currencies/dao-maker/')",https://github.com/daomaker,"['defi', 'governance', 'launchpad', 'dao-maker', 'vbc-ventures-portfolio', 'injective-ecosystem']",143942530.56,274810687,0.7325655930002191,8.75191628
"('MobileCoin', 'https://coinmarketcap.com/currencies/mobilecoin/')",https://github.com/mobilecoinfoundation/mobilecoin,"['privacy', 'payments', 'arrington-xrp-capital-portfolio']",195286109,250000000,0.5189643988754231,73.44650388
"('Ribbon Finance', 'https://coinmarketcap.com/currencies/ribbon-finance/')",https://github.com/ribbon-finance,"['derivatives', 'coinbase-ventures-portfolio', 'real-world-assets']",537049175.461139,1000000000,0.12525995349643765,4.8873787299644995
"('Core', 'https://coinmarketcap.com/currencies/core-dao/')",,[],156635248.66290334,2100000000,0.5822496732663606,6.468239711847785
"('SKALE', 'https://coinmarketcap.com/currencies/skale-network/')",https://github.com/skalenetwork,"['platform', 'scaling', 'smart-contracts', 'staking', 'layer-2', 'arrington-xrp-capital-portfolio', 'boostvc-portfolio', 'galaxy-digital-portfolio', 'hashkey-capital-portfolio']",4699519337,5447166667,0.01964071931947422,1.22448799
"('Flux', 'https://coinmarketcap.com/currencies/zel/')",https://github.com/runonflux,"['mineable', 'pow', 'distributed-computing', 'filesharing', 'interoperability', 'masternodes', 'smart-contracts', 'dao', 'dapp', 'storage', 'governance', 'web3', 'cross-chain']",317329192.29923356,440000000,0.01697851,4.167981738804332
"('UMA', 'https://coinmarketcap.com/currencies/uma/')",https://github.com/UMAprotocol,"['defi', 'derivatives', 'oracles', 'dao', 'coinbase-ventures-portfolio', 'governance', 'synthetics', 'blockchain-capital-portfolio', 'dragonfly-capital-portfolio', 'placeholder-ventures-portfolio', 'polygon-ecosystem', 'injective-ecosystem']",73679335.0273428,115200262.6939485,1.16252322871,43.36929981
"('Horizen', 'https://coinmarketcap.com/currencies/horizen/')",https://github.com/HorizenOfficial,"['mineable', 'pow', 'medium-of-exchange', 'platform', 'enterprise-solutions', 'content-creation', 'privacy', 'zero-knowledge-proofs', 'masternodes', 'scaling', 'smart-contracts', 'staking', 'sidechain', 'dcg-portfolio', 'web3']",14082468.75,14082468.75,3.092439889907837,168.15416287
"('Galxe', 'https://coinmarketcap.com/currencies/galxe/')",,"['binance-launchpool', 'mvb', 'spartan-group', 'dwf-labs-portfolio']",84890332.70909333,200000000,0.865771324914326,18.25655332465201
"('Reserve Rights', 'https://coinmarketcap.com/currencies/reserve-rights/')",https://github.com/reserve-protocol,"['store-of-value', 'defi', 'coinbase-ventures-portfolio', 'dcg-portfolio', 'real-world-assets']",50600000000,100000000000,0.0012473332974,0.11894605
"('TomoChain', 'https://coinmarketcap.com/currencies/tomochain/')",https://github.com/tomochain/,"['platform', 'alameda-research-portfolio', 'injective-ecosystem']",96830754,100000000,0.140720736515,3.9177215
"('Everscale', 'https://coinmarketcap.com/currencies/everscale/')",https://github.com/tonlabs/ever-sdk,['everscale-ecosystem'],1805692385,2092872820,0.023569777932728075,1.69952867
"('STP', 'https://coinmarketcap.com/currencies/standard-tokenization-protocol/')",,"['defi', 'payments']",1942420283.027067,1942420283.027067,0.00580325721876,0.28495505340478217
"('Lisk', 'https://coinmarketcap.com/currencies/lisk/')",https://github.com/LiskHQ/lisk-sdk,"['dpos', 'platform', 'enterprise-solutions', 'smart-contracts']",128900444.52198455,144818773,0.09565220028162003,39.310001373291016
"('Nano', 'https://coinmarketcap.com/currencies/nano/')",https://github.com/nanocurrency,"['dag', 'blake2b', 'medium-of-exchange', 'store-of-value', 'payments']",133248297.197,133248297.197,0.006657800171524286,37.62120056152344
"('Storj', 'https://coinmarketcap.com/currencies/storj/')",https://github.com/storj/storj,"['platform', 'distributed-computing', 'filesharing', 'storage', 'web3']",386187445.67297375,424999998.00001335,0.0483529328365,3.90788278
"('Alchemy Pay', 'https://coinmarketcap.com/currencies/alchemy-pay/')",https://github.com/Alchemy-GPS,['dwf-labs-portfolio'],6700130910.517382,10000000000,0.00133775,0.19750365
"('Kyber Network Crystal v2', 'https://coinmarketcap.com/currencies/kyber-network-crystal-v2/')",https://github.com/kybernetwork,"['marketplace', 'decentralized-exchange-dex-token', 'defi', 'dao', 'amm', 'three-arrows-capital-portfolio', 'governance', 'kenetic-capital-portfolio', 'pantera-capital-portfolio', 'parafi-capital', 'arbitrum-ecosytem', 'optimism-ecosystem']",170470490.91374603,228577877.36411142,0.44546293890209326,5.715659905177939
"('Cartesi', 'https://coinmarketcap.com/currencies/cartesi/')",https://github.com/cartesi,"['pos', 'platform', 'cosmos-ecosystem', 'scaling', 'smart-contracts', 'staking', 'dapp', 'ethereum-ecosystem', 'binance-smart-chain', 'rollups', 'sidechain', 'binance-launchpad', 'binance-labs-portfolio', 'arbitrum-ecosytem', 'injective-ecosystem', 'bnb-chain', 'optimism-ecosystem']",742552410.0252277,1000000000,0.0267510341117,1.7492593
"('Celer Network', 'https://coinmarketcap.com/currencies/celer-network/')",https://github.com/celer-network,"['platform', 'enterprise-solutions', 'zero-knowledge-proofs', 'scaling', 'state-channel', 'ethereum-ecosystem', 'substrate', 'polkadot-ecosystem', 'binance-launchpad', 'arrington-xrp-capital-portfolio', 'pantera-capital-portfolio', 'arbitrum-ecosytem', 'bnb-chain', 'sei-ecosystem']",7743424106.990592,10000000000,0.00101410762651,0.19869033851597
"('PlayDapp', 'https://coinmarketcap.com/currencies/playdapp/')",https://github.com/playdapp,"['gaming', 'ethereum-ecosystem', 'metaverse', 'polygon-ecosystem']",560128667,700000000,0.09696474,3.6757934166024784
"('Pundi X (New)', 'https://coinmarketcap.com/currencies/pundix-new/')",,[],258491637.23,258491637.23,0.29958190318866146,7.13592656
"('Vulcan Forged PYR', 'https://coinmarketcap.com/currencies/vulcan-forged-pyr/')",,"['collectibles-nfts', 'gaming', 'entertainment', 'metaverse', 'dwf-labs-portfolio']",27182227,50000000,1.15560817,49.73695922655937
"('Status', 'https://coinmarketcap.com/currencies/status/')",https://github.com/status-im,"['media', 'content-creation', 'privacy', 'fabric-ventures-portfolio', 'kenetic-capital-portfolio']",3859708430.319934,6804870174.878168,0.00619645271405,0.675944983959198
"('Amp', 'https://coinmarketcap.com/currencies/amp/')",https://github.com/amptoken,"['sec-security-token', 'alleged-sec-securities']",42227702186,99213408535,0.00079463,0.12107848
